deso,bilar_i_trafik,,"Personbilar i trafik efter Ã¥r, region och status"
0114A0010,426,,
0114C1010,704,,
0114C1020,746,,
0114C1030,1031,,
0114C1040,781,,
0114C1050,874,,
0114C1060,1123,,
0114C1070,769,,
0114C1080,674,,
0114C1090,683,,
0114C1100,796,,
0114C1110,775,,
0114C1120,761,,
0114C1130,692,,
0114C1140,1408,,
0114C1150,826,,
0114C1160,642,,
0114C1170,637,,
0114C1180,462,,
0114C1190,776,,
0114C1200,678,,
0114C1210,668,,
0114C1220,659,,
0115A0010,1265,,
0115A0020,773,,
0115A0030,801,,
0115A0040,769,,
0115B2010,647,,
0115B3010,559,,
0115C1010,1028,,
0115C1020,911,,
0115C1030,498,,
0115C1040,952,,
0115C1050,1253,,
0115C1060,791,,
0115C1070,739,,
0115C1080,698,,
0115C1090,447,,
0115C1100,1089,,
0115C1110,865,,
0115C1120,765,,
0115C1130,518,,
0117A0010,328,,
0117A0020,1140,,
0117A0030,1366,,
0117C1010,768,,
0117C1020,856,,
0117C1030,1268,,
0117C1040,1154,,
0117C1050,1008,,
0117C1060,1139,,
0117C1070,975,,
0117C1080,1442,,
0117C1090,1048,,
0117C1100,961,,
0117C1110,657,,
0117C1120,657,,
0117C1130,852,,
0117C1140,823,,
0117C1150,341,,
0117C1160,933,,
0117C1170,797,,
0117C1180,660,,
0117C1190,750,,
0117C1200,944,,
0120A0010,984,,
0120C1010,908,,
0120C1020,886,,
0120C1030,873,,
0120C1040,1038,,
0120C1050,687,,
0120C1060,969,,
0120C1070,374,,
0120C1080,556,,
0120C1090,663,,
0120C1100,973,,
0120C1110,1009,,
0120C1120,665,,
0120C1130,650,,
0120C1140,814,,
0120C1150,862,,
0120C1160,637,,
0120C1170,555,,
0120C1180,575,,
0120C1190,711,,
0120C1200,783,,
0120C1210,948,,
0120C1220,618,,
0120C1230,585,,
0123C1010,962,,
0123C1020,800,,
0123C1030,714,,
0123C1040,748,,
0123C1050,761,,
0123C1060,857,,
0123C1070,860,,
0123C1080,638,,
0123C1090,818,,
0123C1100,879,,
0123C1110,857,,
0123C1120,756,,
0123C1130,312,,
0123C1140,1236,,
0123C1150,746,,
0123C1160,451,,
0123C1170,223,,
0123C1180,865,,
0123C1190,500,,
0123C1200,320,,
0123C1210,391,,
0123C1220,886,,
0123C1230,601,,
0123C1240,485,,
0123C1250,334,,
0123C1260,679,,
0123C1270,921,,
0123C1280,318,,
0123C1290,607,,
0123C1300,809,,
0123C1310,642,,
0123C1320,1039,,
0123C1330,853,,
0123C1340,814,,
0123C1350,696,,
0123C1360,761,,
0123C1370,433,,
0123C1380,399,,
0123C1390,751,,
0123C1400,1169,,
0125A0010,451,,
0125A0020,808,,
0125A0030,441,,
0125A0040,1065,,
0125B2010,715,,
0125B2020,1021,,
0125B2030,508,,
0125B3010,416,,
0125B3020,710,,
0125C1010,641,,
0125C1020,538,,
0125C1030,846,,
0125C1040,890,,
0125C1050,720,,
0125C1060,628,,
0125C1070,775,,
0125C1080,950,,
0126A0010,885,,
0126C1010,996,,
0126C1020,576,,
0126C1030,342,,
0126C1040,620,,
0126C1050,784,,
0126C1060,424,,
0126C1070,337,,
0126C1080,289,,
0126C1090,364,,
0126C1100,458,,
0126C1110,358,,
0126C1120,692,,
0126C1130,346,,
0126C1140,299,,
0126C1150,494,,
0126C1160,506,,
0126C1170,680,,
0126C1180,545,,
0126C1190,1134,,
0126C1200,839,,
0126C1210,655,,
0126C1220,500,,
0126C1230,634,,
0126C1240,656,,
0126C1250,496,,
0126C1260,950,,
0126C1270,492,,
0126C1280,646,,
0126C1290,978,,
0126C1300,488,,
0126C1310,1185,,
0126C1320,440,,
0126C1330,620,,
0126C1340,438,,
0126C1350,1044,,
0126C1360,852,,
0126C1370,319,,
0126C1380,453,,
0126C1390,798,,
0126C1400,633,,
0126C1410,666,,
0126C1420,352,,
0126C1430,561,,
0126C1440,480,,
0126C1450,394,,
0126C1460,954,,
0126C1470,644,,
0126C1480,761,,
0126C1490,237,,
0126C1500,667,,
0126C1510,376,,
0126C1520,182,,
0126C1530,897,,
0126C1540,170,,
0126C1550,530,,
0126C1560,700,,
0126C1570,552,,
0126C1580,616,,
0126C1590,763,,
0127A0010,1213,,
0127A0020,578,,
0127C1010,474,,
0127C1020,687,,
0127C1030,1091,,
0127C1040,746,,
0127C1050,1010,,
0127C1060,833,,
0127C1070,703,,
0127C1080,708,,
0127C1090,470,,
0127C1100,616,,
0127C1110,446,,
0127C1120,668,,
0127C1130,570,,
0127C1140,638,,
0127C1150,846,,
0127C1160,427,,
0127C1170,771,,
0127C1180,1082,,
0127C1190,606,,
0127C1200,923,,
0127C1210,582,,
0127C1220,376,,
0127C1230,435,,
0127C1240,532,,
0127C1250,814,,
0127C1260,742,,
0127C1270,587,,
0127C1280,547,,
0127C1290,384,,
0127C1300,229,,
0127C1310,183,,
0127C1320,437,,
0127C1330,455,,
0127C1340,377,,
0127C1350,518,,
0127C1360,385,,
0127C1370,448,,
0127C1380,173,,
0127C1390,245,,
0127C1400,454,,
0127C1410,346,,
0127C1420,267,,
0127C1430,591,,
0127C1440,377,,
0127C1450,528,,
0127C1460,642,,
0127C1470,259,,
0127C1480,583,,
0128A0010,883,,
0128C1010,1121,,
0128C1020,723,,
0128C1030,696,,
0128C1040,719,,
0128C1050,702,,
0128C1060,784,,
0128C1070,808,,
0136A0010,405,,
0136A0020,1189,,
0136A0030,661,,
0136B2010,850,,
0136C1010,538,,
0136C1020,610,,
0136C1030,850,,
0136C1040,1107,,
0136C1050,747,,
0136C1060,784,,
0136C1070,529,,
0136C1080,900,,
0136C1090,444,,
0136C1100,448,,
0136C1110,687,,
0136C1120,383,,
0136C1130,332,,
0136C1140,482,,
0136C1150,547,,
0136C1160,601,,
0136C1170,617,,
0136C1180,674,,
0136C1190,401,,
0136C1200,591,,
0136C1210,361,,
0136C1220,342,,
0136C1230,595,,
0136C1240,458,,
0136C1250,584,,
0136C1260,327,,
0136C1270,314,,
0136C1280,246,,
0136C1290,460,,
0136C1300,725,,
0136C1310,1477,,
0136C1320,694,,
0136C1330,586,,
0136C1340,1098,,
0136C1350,575,,
0136C1360,877,,
0136C1370,729,,
0136C1380,745,,
0136C1390,760,,
0136C1400,906,,
0136C1410,388,,
0136C1420,617,,
0136C1430,903,,
0136C1440,769,,
0136C1450,1015,,
0138A0010,679,,
0138C1010,729,,
0138C1020,823,,
0138C1030,657,,
0138C1040,987,,
0138C1050,643,,
0138C1060,893,,
0138C1070,722,,
0138C1080,657,,
0138C1090,777,,
0138C1100,585,,
0138C1110,920,,
0138C1120,415,,
0138C1130,409,,
0138C1140,641,,
0138C1150,614,,
0138C1160,641,,
0138C1170,940,,
0138C1180,441,,
0138C1190,412,,
0138C1200,443,,
0138C1210,624,,
0138C1220,486,,
0138C1230,686,,
0138C1240,586,,
0138C1250,354,,
0139A0010,1356,,
0139A0020,1126,,
0139B2010,676,,
0139B2020,544,,
0139B2030,196,,
0139B2040,774,,
0139B2050,434,,
0139B2060,534,,
0139C1010,981,,
0139C1020,616,,
0139C1030,1061,,
0139C1040,752,,
0139C1050,1165,,
0139C1060,839,,
0139C1070,830,,
0140A0010,715,,
0140A0020,1040,,
0140C1010,1214,,
0140C1020,1096,,
0140C1030,919,,
0140C1040,572,,
0160C1010,823,,
0160C1020,528,,
0160C1030,623,,
0160C1040,764,,
0160C1050,803,,
0160C1060,680,,
0160C1070,771,,
0160C1080,451,,
0160C1090,745,,
0160C1100,449,,
0160C1110,640,,
0160C1120,776,,
0160C1130,487,,
0160C1140,1206,,
0160C1150,806,,
0160C1160,1088,,
0160C1170,901,,
0160C1180,513,,
0160C1190,489,,
0160C1200,599,,
0160C1210,1014,,
0160C1220,734,,
0160C1230,730,,
0160C1240,786,,
0160C1250,838,,
0160C1260,753,,
0160C1270,826,,
0160C1280,717,,
0160C1290,496,,
0160C1300,911,,
0160C1310,609,,
0160C1320,728,,
0160C1330,648,,
0160C1340,1222,,
0160C1350,703,,
0160C1360,794,,
0160C1370,917,,
0160C1380,794,,
0162C1010,702,,
0162C1020,633,,
0162C1030,607,,
0162C1040,357,,
0162C1050,569,,
0162C1060,368,,
0162C1070,597,,
0162C1080,618,,
0162C1090,534,,
0162C1100,654,,
0162C1110,629,,
0162C1120,626,,
0162C1130,664,,
0162C1140,714,,
0162C1150,677,,
0162C1160,607,,
0162C1170,598,,
0162C1180,652,,
0162C1190,680,,
0162C1200,673,,
0163C1010,854,,
0163C1020,744,,
0163C1030,378,,
0163C1040,708,,
0163C1050,750,,
0163C1060,726,,
0163C1070,793,,
0163C1080,594,,
0163C1090,156,,
0163C1100,423,,
0163C1110,773,,
0163C1120,283,,
0163C1130,612,,
0163C1140,935,,
0163C1150,581,,
0163C1160,496,,
0163C1170,575,,
0163C1180,523,,
0163C1190,661,,
0163C1200,616,,
0163C1210,817,,
0163C1220,708,,
0163C1230,549,,
0163C1240,791,,
0163C1250,422,,
0163C1260,406,,
0163C1270,588,,
0163C1280,770,,
0163C1290,949,,
0163C1300,789,,
0163C1310,1309,,
0163C1320,680,,
0163C1330,550,,
0163C1340,799,,
0163C1350,392,,
0163C1360,637,,
0163C1370,580,,
0163C1380,824,,
0163C1390,294,,
0163C1400,408,,
0180C1010,357,,
0180C1020,387,,
0180C1030,602,,
0180C1040,542,,
0180C1050,663,,
0180C1060,494,,
0180C1070,263,,
0180C1080,380,,
0180C1090,374,,
0180C1100,656,,
0180C1110,662,,
0180C1120,310,,
0180C1130,313,,
0180C1140,301,,
0180C1150,441,,
0180C1160,302,,
0180C1170,678,,
0180C1180,337,,
0180C1190,378,,
0180C1200,288,,
0180C1210,448,,
0180C1220,480,,
0180C1230,313,,
0180C1240,797,,
0180C1250,526,,
0180C1260,343,,
0180C1270,525,,
0180C1280,401,,
0180C1290,415,,
0180C1300,244,,
0180C1310,465,,
0180C1320,431,,
0180C1330,358,,
0180C1340,384,,
0180C1350,621,,
0180C1360,378,,
0180C1370,342,,
0180C1380,385,,
0180C1390,472,,
0180C1400,482,,
0180C1410,400,,
0180C1420,448,,
0180C1430,553,,
0180C1440,477,,
0180C1450,449,,
0180C1460,431,,
0180C1470,365,,
0180C1480,341,,
0180C1490,399,,
0180C1500,425,,
0180C1510,264,,
0180C1520,319,,
0180C1530,440,,
0180C1540,288,,
0180C1550,669,,
0180C1560,335,,
0180C1570,451,,
0180C1580,331,,
0180C1590,443,,
0180C1600,348,,
0180C1610,500,,
0180C1620,482,,
0180C1630,538,,
0180C1640,517,,
0180C1650,633,,
0180C1660,275,,
0180C1670,657,,
0180C1680,267,,
0180C1690,630,,
0180C1700,652,,
0180C1710,503,,
0180C1720,305,,
0180C1730,401,,
0180C1740,315,,
0180C1750,318,,
0180C1760,363,,
0180C1770,571,,
0180C1780,277,,
0180C1790,572,,
0180C1800,297,,
0180C1810,411,,
0180C1820,782,,
0180C1830,671,,
0180C1840,431,,
0180C1850,321,,
0180C1860,561,,
0180C1870,694,,
0180C1880,630,,
0180C1890,525,,
0180C1900,287,,
0180C1910,347,,
0180C1920,581,,
0180C1930,705,,
0180C1940,425,,
0180C1950,449,,
0180C1960,390,,
0180C1970,499,,
0180C1980,393,,
0180C1990,403,,
0180C2000,331,,
0180C2010,399,,
0180C2020,361,,
0180C2030,642,,
0180C2040,264,,
0180C2050,480,,
0180C2060,299,,
0180C2070,559,,
0180C2080,432,,
0180C2090,574,,
0180C2100,464,,
0180C2110,777,,
0180C2120,475,,
0180C2130,382,,
0180C2140,503,,
0180C2150,446,,
0180C2160,432,,
0180C2170,365,,
0180C2180,486,,
0180C2190,465,,
0180C2200,267,,
0180C2210,245,,
0180C2220,656,,
0180C2230,332,,
0180C2240,419,,
0180C2250,374,,
0180C2260,273,,
0180C2270,424,,
0180C2280,388,,
0180C2290,502,,
0180C2300,752,,
0180C2310,423,,
0180C2320,489,,
0180C2330,400,,
0180C2340,417,,
0180C2350,490,,
0180C2360,324,,
0180C2370,350,,
0180C2380,432,,
0180C2390,348,,
0180C2400,391,,
0180C2410,360,,
0180C2420,446,,
0180C2430,654,,
0180C2440,481,,
0180C2450,304,,
0180C2460,488,,
0180C2470,295,,
0180C2480,413,,
0180C2490,430,,
0180C2500,343,,
0180C2510,439,,
0180C2520,219,,
0180C2530,376,,
0180C2540,425,,
0180C2550,378,,
0180C2560,389,,
0180C2570,424,,
0180C2580,631,,
0180C2590,442,,
0180C2600,494,,
0180C2610,436,,
0180C2620,511,,
0180C2630,332,,
0180C2640,476,,
0180C2650,285,,
0180C2660,315,,
0180C2670,364,,
0180C2680,426,,
0180C2690,367,,
0180C2700,490,,
0180C2710,436,,
0180C2720,300,,
0180C2730,329,,
0180C2740,378,,
0180C2750,470,,
0180C2760,328,,
0180C2770,389,,
0180C2780,717,,
0180C2790,353,,
0180C2800,423,,
0180C2810,430,,
0180C2820,295,,
0180C2830,289,,
0180C2840,378,,
0180C2850,324,,
0180C2860,412,,
0180C2870,260,,
0180C2880,599,,
0180C2890,325,,
0180C2900,510,,
0180C2910,280,,
0180C2920,509,,
0180C2930,278,,
0180C2940,412,,
0180C2950,942,,
0180C2960,422,,
0180C2970,370,,
0180C2980,336,,
0180C2990,276,,
0180C3000,272,,
0180C3010,229,,
0180C3020,205,,
0180C3030,245,,
0180C3040,342,,
0180C3050,358,,
0180C3060,275,,
0180C3070,404,,
0180C3080,238,,
0180C3090,313,,
0180C3100,578,,
0180C3110,203,,
0180C3120,341,,
0180C3130,270,,
0180C3140,267,,
0180C3150,226,,
0180C3160,338,,
0180C3170,293,,
0180C3180,272,,
0180C3190,389,,
0180C3200,387,,
0180C3210,326,,
0180C3220,406,,
0180C3230,343,,
0180C3240,448,,
0180C3250,285,,
0180C3260,290,,
0180C3270,422,,
0180C3280,238,,
0180C3290,235,,
0180C3300,428,,
0180C3310,248,,
0180C3320,270,,
0180C3330,477,,
0180C3340,260,,
0180C3350,341,,
0180C3360,301,,
0180C3370,306,,
0180C3380,202,,
0180C3390,220,,
0180C3400,269,,
0180C3410,412,,
0180C3420,278,,
0180C3430,259,,
0180C3440,235,,
0180C3450,360,,
0180C3460,251,,
0180C3470,205,,
0180C3480,360,,
0180C3490,238,,
0180C3500,161,,
0180C3510,496,,
0180C3520,320,,
0180C3530,324,,
0180C3540,263,,
0180C3550,306,,
0180C3560,385,,
0180C3570,236,,
0180C3580,307,,
0180C3590,355,,
0180C3600,259,,
0180C3610,539,,
0180C3620,254,,
0180C3630,176,,
0180C3640,285,,
0180C3650,328,,
0180C3660,152,,
0180C3670,179,,
0180C3680,299,,
0180C3690,333,,
0180C3700,214,,
0180C3710,278,,
0180C3720,452,,
0180C3730,332,,
0180C3740,238,,
0180C3750,275,,
0180C3760,491,,
0180C3770,253,,
0180C3780,184,,
0180C3790,237,,
0180C3800,300,,
0180C3810,256,,
0180C3820,256,,
0180C3830,437,,
0180C3840,553,,
0180C3850,633,,
0180C3860,297,,
0180C3870,435,,
0180C3880,304,,
0180C3890,208,,
0180C3900,401,,
0180C3910,622,,
0180C3920,263,,
0180C3930,330,,
0180C3940,309,,
0180C3950,234,,
0180C3960,277,,
0180C3970,307,,
0180C3980,317,,
0180C3990,315,,
0180C4000,452,,
0180C4010,260,,
0180C4020,318,,
0180C4030,218,,
0180C4040,355,,
0180C4050,444,,
0180C4060,765,,
0180C4070,262,,
0180C4080,397,,
0180C4090,219,,
0180C4100,260,,
0180C4110,562,,
0180C4120,300,,
0180C4130,306,,
0180C4140,379,,
0180C4150,274,,
0180C4160,264,,
0180C4170,174,,
0180C4180,463,,
0180C4190,436,,
0180C4200,522,,
0180C4210,406,,
0180C4220,302,,
0180C4230,209,,
0180C4240,304,,
0180C4250,271,,
0180C4260,452,,
0180C4270,212,,
0180C4280,334,,
0180C4290,396,,
0180C4300,416,,
0180C4310,525,,
0180C4320,364,,
0180C4330,250,,
0180C4340,351,,
0180C4350,315,,
0180C4360,294,,
0180C4370,346,,
0180C4380,388,,
0180C4390,404,,
0180C4400,232,,
0180C4410,242,,
0180C4420,154,,
0180C4430,344,,
0180C4440,420,,
0180C4450,493,,
0180C4460,525,,
0180C4470,244,,
0180C4480,399,,
0180C4490,310,,
0180C4500,267,,
0180C4510,551,,
0180C4520,355,,
0180C4530,539,,
0180C4540,273,,
0180C4550,232,,
0180C4560,395,,
0180C4570,337,,
0180C4580,501,,
0180C4590,404,,
0180C4600,304,,
0180C4610,243,,
0180C4620,281,,
0180C4630,293,,
0180C4640,417,,
0180C4650,244,,
0180C4660,203,,
0180C4670,362,,
0180C4680,377,,
0180C4690,294,,
0180C4700,613,,
0180C4710,332,,
0180C4720,403,,
0180C4730,395,,
0180C4740,298,,
0180C4750,314,,
0180C4760,224,,
0180C4770,408,,
0180C4780,272,,
0180C4790,417,,
0180C4800,289,,
0180C4810,412,,
0180C4820,321,,
0180C4830,343,,
0180C4840,250,,
0180C4850,285,,
0180C4860,349,,
0180C4870,405,,
0180C4880,300,,
0180C4890,244,,
0180C4900,324,,
0180C4910,378,,
0180C4920,257,,
0180C4930,441,,
0180C4940,524,,
0180C4950,328,,
0180C4960,322,,
0180C4970,612,,
0180C4980,168,,
0180C4990,339,,
0180C5000,289,,
0180C5010,515,,
0180C5020,361,,
0180C5030,215,,
0180C5040,377,,
0180C5050,537,,
0180C5060,366,,
0180C5070,261,,
0180C5080,338,,
0180C5090,325,,
0180C5100,463,,
0180C5110,302,,
0180C5120,448,,
0180C5130,222,,
0180C5140,248,,
0180C5150,578,,
0180C5160,356,,
0180C5170,245,,
0180C5180,303,,
0180C5190,315,,
0180C5200,305,,
0180C5210,568,,
0180C5220,344,,
0180C5230,324,,
0180C5240,302,,
0180C5250,600,,
0180C5260,641,,
0180C5270,296,,
0180C5280,261,,
0180C5290,306,,
0180C5300,339,,
0180C5310,350,,
0180C5320,402,,
0180C5330,225,,
0180C5340,301,,
0180C5350,292,,
0180C5360,241,,
0180C5370,307,,
0180C5380,209,,
0180C5390,270,,
0180C5400,520,,
0180C5410,329,,
0180C5420,631,,
0180C5430,187,,
0180C5440,206,,
0180C5450,605,,
0180C5460,440,,
0180C5470,445,,
0180C5480,206,,
0180C5490,362,,
0180C5500,501,,
0180C5510,401,,
0180C5520,175,,
0180C5530,430,,
0180C5540,717,,
0180C5550,366,,
0180C5560,318,,
0180C5570,293,,
0180C5580,497,,
0180C5590,317,,
0180C5600,428,,
0180C5610,341,,
0180C5620,509,,
0180C5630,475,,
0180C5640,508,,
0180C5650,781,,
0180C5660,491,,
0180C5670,308,,
0180C5680,564,,
0180C5690,928,,
0180C5700,348,,
0180C5710,330,,
0180C5720,385,,
0180C5730,345,,
0180C5740,290,,
0180C5750,726,,
0180C5760,350,,
0180C5770,278,,
0180C5780,359,,
0180C5790,356,,
0180C5800,544,,
0180C5810,649,,
0180C5820,917,,
0180C5830,803,,
0180C5840,525,,
0180C5850,917,,
0180C5860,818,,
0180C5870,513,,
0180C5880,340,,
0180C5890,679,,
0180C5900,33,,
0180C5910,727,,
0180C5920,708,,
0180C5930,645,,
0180C5940,454,,
0180C5950,493,,
0180C5960,581,,
0180C5970,796,,
0180C5980,406,,
0180C5990,845,,
0180C6000,596,,
0180C6010,637,,
0180C6020,902,,
0180C6030,718,,
0180C6040,622,,
0180C6050,901,,
0180C6060,982,,
0180C6070,267,,
0180C6080,526,,
0180C6090,332,,
0180C6100,205,,
0180C6110,213,,
0180C6120,240,,
0180C6130,501,,
0180C6140,359,,
0180C6150,334,,
0180C6160,235,,
0180C6170,269,,
0180C6180,298,,
0180C6190,928,,
0180C6200,349,,
0180C6210,313,,
0180C6220,325,,
0180C6230,212,,
0180C6240,324,,
0180C6250,259,,
0180C6260,300,,
0180C6270,319,,
0180C6280,444,,
0180C6290,617,,
0180C6300,372,,
0180C6310,248,,
0180C6320,427,,
0180C6330,192,,
0180C6340,380,,
0180C6350,317,,
0180C6360,323,,
0180C6370,248,,
0180C6380,271,,
0180C6390,498,,
0180C6400,429,,
0180C6410,424,,
0180C6420,315,,
0180C6430,246,,
0180C6440,379,,
0181A0010,753,,
0181A0020,1018,,
0181A0030,1392,,
0181A0040,627,,
0181A0050,601,,
0181A0060,952,,
0181B2010,1010,,
0181B2020,606,,
0181B2030,1098,,
0181B2040,667,,
0181B4010,865,,
0181B5010,535,,
0181C1010,1021,,
0181C1020,935,,
0181C1030,484,,
0181C1040,597,,
0181C1050,396,,
0181C1060,295,,
0181C1070,583,,
0181C1080,453,,
0181C1090,737,,
0181C1100,769,,
0181C1110,519,,
0181C1120,665,,
0181C1130,613,,
0181C1140,746,,
0181C1150,509,,
0181C1160,808,,
0181C1170,354,,
0181C1180,690,,
0181C1190,396,,
0181C1200,583,,
0181C1210,553,,
0181C1220,647,,
0181C1230,312,,
0181C1240,692,,
0181C1250,593,,
0181C1260,531,,
0181C1270,602,,
0181C1280,758,,
0181C1290,721,,
0181C1300,1231,,
0181C1310,913,,
0181C1320,357,,
0181C1330,540,,
0181C1340,702,,
0181C1350,472,,
0181C1360,529,,
0181C1370,861,,
0181C1380,1034,,
0181C1390,1210,,
0182C1010,678,,
0182C1020,373,,
0182C1030,995,,
0182C1040,480,,
0182C1050,462,,
0182C1060,713,,
0182C1070,700,,
0182C1080,745,,
0182C1090,798,,
0182C1100,305,,
0182C1110,818,,
0182C1120,550,,
0182C1130,258,,
0182C1140,316,,
0182C1150,544,,
0182C1160,419,,
0182C1170,663,,
0182C1180,755,,
0182C1190,429,,
0182C1200,385,,
0182C1210,737,,
0182C1220,555,,
0182C1230,746,,
0182C1240,617,,
0182C1250,518,,
0182C1260,416,,
0182C1270,668,,
0182C1280,657,,
0182C1290,980,,
0182C1300,477,,
0182C1310,852,,
0182C1320,667,,
0182C1330,697,,
0182C1340,701,,
0182C1350,769,,
0182C1360,315,,
0182C1370,751,,
0182C1380,466,,
0182C1390,753,,
0182C1400,681,,
0182C1410,921,,
0182C1420,924,,
0182C1430,346,,
0182C1440,721,,
0182C1450,817,,
0182C1460,881,,
0182C1470,764,,
0182C1480,673,,
0182C1490,659,,
0182C1500,767,,
0182C1510,907,,
0182C1520,857,,
0182C1530,635,,
0183C1010,846,,
0183C1020,415,,
0183C1030,610,,
0183C1040,359,,
0183C1050,554,,
0183C1060,412,,
0183C1070,434,,
0183C1080,545,,
0183C1090,411,,
0183C1100,335,,
0183C1110,461,,
0183C1120,484,,
0183C1130,488,,
0183C1140,446,,
0183C1150,449,,
0183C1160,577,,
0183C1170,254,,
0183C1180,522,,
0183C1190,380,,
0183C1200,416,,
0183C1210,379,,
0183C1220,365,,
0183C1230,481,,
0183C1240,962,,
0183C1250,428,,
0183C1260,856,,
0184C1010,384,,
0184C1020,486,,
0184C1030,357,,
0184C1040,480,,
0184C1050,730,,
0184C1060,493,,
0184C1070,367,,
0184C1080,460,,
0184C1090,492,,
0184C1100,409,,
0184C1110,442,,
0184C1120,526,,
0184C1130,426,,
0184C1140,437,,
0184C1150,327,,
0184C1160,482,,
0184C1170,469,,
0184C1180,206,,
0184C1190,489,,
0184C1200,377,,
0184C1210,355,,
0184C1220,491,,
0184C1230,647,,
0184C1240,478,,
0184C1250,295,,
0184C1260,611,,
0184C1270,615,,
0184C1280,566,,
0184C1290,481,,
0184C1300,585,,
0184C1310,730,,
0184C1320,372,,
0184C1330,698,,
0184C1340,398,,
0184C1350,435,,
0184C1360,517,,
0184C1370,454,,
0184C1380,341,,
0184C1390,692,,
0184C1400,47,,
0184C1410,696,,
0184C1420,375,,
0184C1430,381,,
0186C1010,995,,
0186C1020,759,,
0186C1030,498,,
0186C1040,494,,
0186C1050,451,,
0186C1060,500,,
0186C1070,765,,
0186C1080,515,,
0186C1090,764,,
0186C1100,507,,
0186C1110,406,,
0186C1120,402,,
0186C1130,720,,
0186C1140,584,,
0186C1150,690,,
0186C1160,761,,
0186C1170,742,,
0186C1180,541,,
0186C1190,624,,
0186C1200,675,,
0186C1210,541,,
0186C1220,690,,
0186C1230,752,,
0186C1240,642,,
0186C1250,827,,
0186C1260,863,,
0187A0010,839,,
0187C1010,688,,
0187C1020,689,,
0187C1030,934,,
0187C1040,364,,
0187C1050,655,,
0187C1060,688,,
0188A0010,645,,
0188A0020,962,,
0188A0030,1059,,
0188A0040,1416,,
0188A0050,807,,
0188A0060,1383,,
0188A0070,1019,,
0188A0080,764,,
0188A0090,774,,
0188A0100,718,,
0188A0110,710,,
0188A0120,837,,
0188A0130,742,,
0188A0140,998,,
0188A0150,710,,
0188A0160,992,,
0188A0170,722,,
0188A0180,1112,,
0188A0190,787,,
0188B2010,677,,
0188B2020,671,,
0188B2030,892,,
0188B3010,779,,
0188B3020,471,,
0188B3030,785,,
0188B4010,736,,
0188B5010,791,,
0188C1010,930,,
0188C1020,533,,
0188C1030,780,,
0188C1040,774,,
0188C1050,867,,
0188C1060,1518,,
0188C1070,522,,
0188C1080,1008,,
0188C1090,611,,
0188C1100,968,,
0188C1110,1074,,
0191A0010,832,,
0191A0020,938,,
0191A0030,934,,
0191A0040,793,,
0191B2010,937,,
0191B2020,643,,
0191B2030,1140,,
0191B2040,914,,
0191B2050,640,,
0191B3010,815,,
0191C1010,963,,
0191C1020,590,,
0191C1030,440,,
0191C1040,592,,
0191C1050,487,,
0191C1060,715,,
0191C1070,512,,
0191C1080,1354,,
0191C1090,614,,
0191C1100,552,,
0191C1110,549,,
0191C1120,862,,
0191C1130,470,,
0191C1140,832,,
0192A0010,946,,
0192A0020,1291,,
0192A0030,790,,
0192A0040,1317,,
0192B2010,793,,
0192B2020,734,,
0192B3010,680,,
0192C1010,486,,
0192C1020,551,,
0192C1030,595,,
0192C1040,723,,
0192C1050,350,,
0192C1060,693,,
0192C1070,549,,
0192C1080,428,,
0192C1090,620,,
0192C1100,477,,
0305A0010,1642,,
0305B2010,1208,,
0305C1010,1473,,
0305C1020,657,,
0305C1030,1359,,
0305C1040,544,,
0305C1050,1106,,
0305C1060,1057,,
0305C1070,828,,
0305C1080,728,,
0319A0010,974,,
0319B2010,905,,
0319C1010,955,,
0319C1020,1015,,
0319C1030,999,,
0330A0010,989,,
0330A0020,1412,,
0330A0030,809,,
0330C1010,747,,
0330C1020,881,,
0330C1030,1156,,
0330C1040,776,,
0330C1050,555,,
0330C1060,579,,
0330C1070,939,,
0331A0010,655,,
0331A0020,1207,,
0331A0030,913,,
0331A0040,519,,
0331A0050,625,,
0331B2010,946,,
0331B3010,688,,
0331B4010,633,,
0331C1010,814,,
0331C1020,650,,
0360A0010,666,,
0360A0020,779,,
0360A0030,736,,
0360A0040,1153,,
0360A0050,1033,,
0360A0060,710,,
0360A0070,642,,
0360B2010,1084,,
0360B3010,669,,
0360B4010,664,,
0360C1010,966,,
0360C1020,861,,
0360C1030,702,,
0380A0010,948,,
0380A0020,1510,,
0380A0030,1168,,
0380A0040,1268,,
0380A0050,1124,,
0380A0060,1213,,
0380A0070,756,,
0380A0080,1016,,
0380A0090,757,,
0380A0100,714,,
0380A0110,677,,
0380A0120,1532,,
0380A0130,1038,,
0380A0140,984,,
0380A0150,1597,,
0380A0160,1506,,
0380B2010,664,,
0380B2020,430,,
0380B2030,712,,
0380B2040,671,,
0380B3010,692,,
0380B3020,508,,
0380B3030,668,,
0380B4010,866,,
0380B4020,790,,
0380B5010,1553,,
0380B6010,964,,
0380B7010,656,,
0380B8010,609,,
0380C1010,539,,
0380C1020,650,,
0380C1030,690,,
0380C1040,702,,
0380C1050,886,,
0380C1060,484,,
0380C1070,368,,
0380C1080,350,,
0380C1090,331,,
0380C1100,269,,
0380C1110,431,,
0380C1120,406,,
0380C1130,225,,
0380C1140,448,,
0380C1150,350,,
0380C1160,275,,
0380C1170,398,,
0380C1180,339,,
0380C1190,482,,
0380C1200,458,,
0380C1210,720,,
0380C1220,623,,
0380C1230,572,,
0380C1240,544,,
0380C1250,562,,
0380C1260,722,,
0380C1270,384,,
0380C1280,429,,
0380C1290,537,,
0380C1300,313,,
0380C1310,307,,
0380C1320,434,,
0380C1330,929,,
0380C1340,418,,
0380C1350,722,,
0380C1360,541,,
0380C1370,389,,
0380C1380,264,,
0380C1390,548,,
0380C1400,850,,
0380C1410,333,,
0380C1420,126,,
0380C1430,147,,
0380C1440,296,,
0380C1450,283,,
0380C1460,11,,
0380C1470,664,,
0380C1480,1254,,
0380C1490,410,,
0380C1500,396,,
0380C1510,375,,
0380C1520,87,,
0380C1530,316,,
0380C1540,102,,
0380C1550,64,,
0380C1560,586,,
0380C1570,318,,
0380C1580,294,,
0380C1590,297,,
0380C1600,412,,
0380C1610,270,,
0380C1620,378,,
0380C1630,532,,
0380C1640,373,,
0380C1650,406,,
0380C1660,319,,
0380C1670,337,,
0380C1680,497,,
0380C1690,211,,
0380C1700,483,,
0380C1710,430,,
0380C1720,389,,
0380C1730,213,,
0380C1740,463,,
0380C1750,460,,
0380C1760,614,,
0380C1770,254,,
0380C1780,352,,
0380C1790,553,,
0380C1800,576,,
0380C1810,461,,
0380C1820,425,,
0380C1830,652,,
0380C1840,850,,
0380C1850,189,,
0380C1860,597,,
0380C1870,302,,
0380C1880,331,,
0380C1890,477,,
0380C1900,540,,
0380C1910,292,,
0380C1920,419,,
0380C1930,173,,
0380C1940,648,,
0380C1950,301,,
0380C1960,490,,
0380C1970,306,,
0380C1980,519,,
0380C1990,266,,
0380C2000,594,,
0380C2010,178,,
0380C2020,573,,
0380C2030,532,,
0380C2040,377,,
0380C2050,438,,
0380C2060,496,,
0380C2070,339,,
0380C2080,414,,
0380C2090,566,,
0380C2100,409,,
0380C2110,602,,
0380C2120,283,,
0380C2130,405,,
0380C2140,633,,
0380C2150,411,,
0380C2160,397,,
0380C2170,402,,
0380C2180,532,,
0380C2190,389,,
0380C2200,627,,
0380C2210,580,,
0381A0010,1388,,
0381A0020,694,,
0381A0030,617,,
0381A0040,637,,
0381A0050,1239,,
0381A0060,937,,
0381A0070,1541,,
0381A0080,1122,,
0381A0090,1160,,
0381B2010,903,,
0381B3010,1117,,
0381B4010,680,,
0381B5010,543,,
0381C1010,863,,
0381C1020,1076,,
0381C1030,856,,
0381C1040,1141,,
0381C1050,1020,,
0381C1060,811,,
0381C1070,747,,
0381C1080,967,,
0381C1090,762,,
0381C1100,604,,
0381C1110,739,,
0381C1120,735,,
0382A0010,1197,,
0382A0020,868,,
0382A0030,819,,
0382A0040,1019,,
0382A0050,985,,
0382B2010,506,,
0382B2020,718,,
0382B3010,811,,
0382B3020,510,,
0382B4010,640,,
0382B4020,650,,
0382B5010,796,,
0382C1010,948,,
0382C1020,767,,
0382C1030,671,,
0428A0010,737,,
0428A0020,880,,
0428A0030,1242,,
0428C1010,508,,
0428C1020,461,,
0428C1030,1045,,
0461A0010,594,,
0461A0020,795,,
0461A0030,530,,
0461A0040,1006,,
0461C1010,754,,
0461C1020,737,,
0461C1030,455,,
0461C1040,704,,
0480A0010,538,,
0480A0020,749,,
0480A0030,920,,
0480A0040,819,,
0480A0050,764,,
0480A0060,715,,
0480A0070,1330,,
0480A0080,1167,,
0480A0090,882,,
0480B2010,651,,
0480B2020,770,,
0480B3010,1124,,
0480B4010,540,,
0480C1010,1291,,
0480C1020,686,,
0480C1030,544,,
0480C1040,1096,,
0480C1050,804,,
0480C1060,1162,,
0480C1070,987,,
0480C1080,594,,
0480C1090,1084,,
0480C1100,764,,
0480C1110,992,,
0480C1120,890,,
0480C1130,651,,
0480C1140,953,,
0480C1150,634,,
0480C1160,438,,
0480C1170,431,,
0480C1180,920,,
0480C1190,1301,,
0481C1010,1063,,
0481C1020,709,,
0481C1030,836,,
0481C1040,689,,
0481C1050,596,,
0481C1060,802,,
0481C1070,847,,
0482A0010,1046,,
0482A0020,1035,,
0482A0030,1075,,
0482B2010,889,,
0482B3010,811,,
0482C1010,534,,
0482C1020,685,,
0482C1030,496,,
0482C1040,875,,
0482C1050,513,,
0483A0010,950,,
0483A0020,1021,,
0483A0030,600,,
0483A0040,1145,,
0483A0050,1005,,
0483A0060,818,,
0483B2010,818,,
0483C1010,527,,
0483C1020,579,,
0483C1030,733,,
0483C1040,856,,
0483C1050,531,,
0483C1060,1213,,
0483C1070,511,,
0483C1080,892,,
0483C1090,630,,
0483C1100,619,,
0483C1110,690,,
0483C1120,541,,
0483C1130,568,,
0483C1140,614,,
0484A0010,1027,,
0484A0020,630,,
0484A0030,976,,
0484A0040,829,,
0484A0050,1443,,
0484A0060,1494,,
0484A0070,940,,
0484B2010,900,,
0484B3010,727,,
0484B4010,718,,
0484B5010,517,,
0484C1010,703,,
0484C1020,846,,
0484C1030,1450,,
0484C1040,995,,
0484C1050,453,,
0484C1060,709,,
0484C1070,574,,
0484C1080,240,,
0484C1090,469,,
0484C1100,208,,
0484C1110,571,,
0484C1120,487,,
0484C1130,675,,
0484C1140,824,,
0484C1150,548,,
0484C1160,993,,
0484C1170,645,,
0484C1180,612,,
0484C1190,372,,
0484C1200,589,,
0484C1210,830,,
0484C1220,448,,
0484C1230,296,,
0484C1240,677,,
0484C1250,657,,
0484C1260,680,,
0484C1270,495,,
0484C1280,930,,
0484C1290,546,,
0484C1300,979,,
0484C1310,658,,
0484C1320,590,,
0484C1330,688,,
0484C1340,1188,,
0484C1350,856,,
0484C1360,380,,
0484C1370,213,,
0484C1380,867,,
0484C1390,506,,
0484C1400,955,,
0484C1410,577,,
0484C1420,843,,
0484C1430,624,,
0484C1440,1093,,
0484C1450,790,,
0484C1460,909,,
0484C1470,885,,
0484C1480,586,,
0484C1490,1580,,
0484C1500,1572,,
0486A0010,999,,
0486A0020,464,,
0486A0030,702,,
0486A0040,851,,
0486A0050,604,,
0486A0060,447,,
0486A0070,885,,
0486A0080,838,,
0486B2010,586,,
0486B2020,660,,
0486B2030,766,,
0486B3010,758,,
0486B3020,812,,
0486B4010,704,,
0486B4020,570,,
0486C1010,668,,
0486C1020,851,,
0486C1030,1001,,
0486C1040,675,,
0486C1050,803,,
0486C1060,697,,
0486C1070,797,,
0486C1080,1128,,
0486C1090,1370,,
0488A0010,924,,
0488A0020,613,,
0488B2010,755,,
0488B2020,648,,
0488B2030,543,,
0488C1010,1138,,
0488C1020,896,,
0488C1030,1592,,
0509A0010,847,,
0509A0020,855,,
0509C1010,545,,
0509C1020,765,,
0512A0010,792,,
0512A0020,895,,
0512C1010,405,,
0513A0010,789,,
0513A0020,939,,
0513A0030,806,,
0513B2010,553,,
0513B2020,614,,
0513C1010,677,,
0513C1020,315,,
0513C1030,843,,
0560A0010,1378,,
0560C1010,1014,,
0560C1020,691,,
0561A0010,733,,
0561A0020,554,,
0561A0030,604,,
0561B2010,646,,
0561C1010,618,,
0561C1020,594,,
0561C1030,910,,
0561C1040,712,,
0561C1050,722,,
0562A0010,609,,
0562A0020,903,,
0562A0030,1037,,
0562A0040,646,,
0562A0050,903,,
0562A0060,737,,
0562C1010,941,,
0562C1020,659,,
0562C1030,774,,
0562C1040,725,,
0562C1050,686,,
0562C1060,854,,
0562C1070,836,,
0562C1080,972,,
0563A0010,573,,
0563A0020,501,,
0563A0030,1162,,
0563B2010,585,,
0563C1010,744,,
0563C1020,578,,
0580A0010,1578,,
0580A0020,1163,,
0580A0030,1140,,
0580A0040,472,,
0580A0050,1197,,
0580A0060,1115,,
0580A0070,827,,
0580A0080,647,,
0580A0090,945,,
0580A0100,822,,
0580A0110,722,,
0580A0120,684,,
0580A0130,563,,
0580B2010,698,,
0580B2020,845,,
0580B2030,850,,
0580B2040,794,,
0580B2050,1067,,
0580B3010,757,,
0580B3020,642,,
0580B4010,810,,
0580B4020,671,,
0580B5010,1198,,
0580B6010,562,,
0580B6020,965,,
0580C1010,914,,
0580C1020,826,,
0580C1030,542,,
0580C1040,674,,
0580C1050,716,,
0580C1060,542,,
0580C1070,631,,
0580C1080,739,,
0580C1090,647,,
0580C1100,617,,
0580C1110,845,,
0580C1120,716,,
0580C1130,765,,
0580C1140,752,,
0580C1150,666,,
0580C1160,559,,
0580C1170,609,,
0580C1180,616,,
0580C1190,804,,
0580C1200,677,,
0580C1210,618,,
0580C1220,409,,
0580C1230,1440,,
0580C1240,656,,
0580C1250,394,,
0580C1260,447,,
0580C1270,413,,
0580C1280,550,,
0580C1290,749,,
0580C1300,568,,
0580C1310,777,,
0580C1320,603,,
0580C1330,525,,
0580C1340,630,,
0580C1350,563,,
0580C1360,427,,
0580C1370,540,,
0580C1380,372,,
0580C1390,408,,
0580C1400,300,,
0580C1410,589,,
0580C1420,791,,
0580C1430,589,,
0580C1440,397,,
0580C1450,421,,
0580C1460,62,,
0580C1470,541,,
0580C1480,435,,
0580C1490,635,,
0580C1500,494,,
0580C1510,414,,
0580C1520,445,,
0580C1530,701,,
0580C1540,663,,
0580C1550,465,,
0580C1560,570,,
0580C1570,514,,
0580C1580,1014,,
0580C1590,513,,
0580C1600,888,,
0580C1610,434,,
0580C1620,490,,
0580C1630,465,,
0580C1640,633,,
0580C1650,753,,
0580C1660,351,,
0580C1670,376,,
0580C1680,329,,
0580C1690,818,,
0581A0010,932,,
0581A0020,1015,,
0581A0030,1120,,
0581A0040,1044,,
0581A0050,946,,
0581A0060,1489,,
0581A0070,1192,,
0581A0080,734,,
0581A0090,601,,
0581A0100,1081,,
0581B2010,915,,
0581B2020,625,,
0581B2030,741,,
0581B2040,781,,
0581B2050,518,,
0581B3010,917,,
0581B3020,900,,
0581B3030,1330,,
0581B4010,643,,
0581B4020,1068,,
0581B4030,1042,,
0581B5010,907,,
0581B5020,1200,,
0581C1010,459,,
0581C1020,742,,
0581C1030,642,,
0581C1040,412,,
0581C1050,762,,
0581C1060,965,,
0581C1070,706,,
0581C1080,896,,
0581C1090,666,,
0581C1100,282,,
0581C1110,582,,
0581C1120,505,,
0581C1130,205,,
0581C1140,812,,
0581C1150,620,,
0581C1160,285,,
0581C1170,439,,
0581C1180,553,,
0581C1190,923,,
0581C1200,972,,
0581C1210,869,,
0581C1220,735,,
0581C1230,702,,
0581C1240,692,,
0581C1250,879,,
0581C1260,774,,
0581C1270,697,,
0581C1280,780,,
0581C1290,870,,
0581C1300,677,,
0581C1310,619,,
0581C1320,563,,
0581C1330,579,,
0581C1340,429,,
0581C1350,532,,
0581C1360,710,,
0581C1370,542,,
0581C1380,568,,
0581C1390,499,,
0581C1400,384,,
0581C1410,498,,
0581C1420,678,,
0581C1430,600,,
0581C1440,686,,
0581C1450,1061,,
0581C1460,713,,
0581C1470,617,,
0581C1480,928,,
0581C1490,821,,
0581C1500,655,,
0581C1510,744,,
0581C1520,777,,
0581C1530,695,,
0581C1540,898,,
0581C1550,912,,
0581C1560,756,,
0582A0010,1411,,
0582A0020,1135,,
0582A0030,1049,,
0582B2010,700,,
0582C1010,630,,
0582C1020,678,,
0582C1030,837,,
0582C1040,562,,
0582C1050,793,,
0583A0010,987,,
0583A0020,650,,
0583A0030,873,,
0583A0040,665,,
0583A0050,962,,
0583A0060,723,,
0583A0070,1125,,
0583B2010,555,,
0583B2020,1029,,
0583C1010,1315,,
0583C1020,903,,
0583C1030,1085,,
0583C1040,1126,,
0583C1050,674,,
0583C1060,764,,
0583C1070,765,,
0583C1080,911,,
0583C1090,955,,
0583C1100,988,,
0583C1110,770,,
0583C1120,1093,,
0583C1130,1041,,
0583C1140,1052,,
0583C1150,671,,
0584A0010,1058,,
0584C1010,972,,
0584C1020,574,,
0584C1030,693,,
0584C1040,601,,
0586A0010,838,,
0586A0020,1015,,
0586A0030,997,,
0586A0040,869,,
0586C1010,630,,
0586C1020,604,,
0586C1030,977,,
0586C1040,584,,
0586C1050,578,,
0586C1060,594,,
0586C1070,725,,
0586C1080,897,,
0586C1090,855,,
0586C2010,872,,
0586C2020,836,,
0586C2030,903,,
0586C3010,681,,
0586C3020,1036,,
0604A0010,942,,
0604A0020,1097,,
0604C1010,1031,,
0604C1020,742,,
0617A0010,942,,
0617A0020,831,,
0617B2010,1001,,
0617C1010,618,,
0617C1020,829,,
0617C1030,589,,
0642A0010,990,,
0642C1010,946,,
0642C1020,957,,
0642C1030,1056,,
0643A0010,1211,,
0643A0020,1191,,
0643C1010,673,,
0643C1020,1084,,
0643C1030,828,,
0643C1040,921,,
0643C1050,713,,
0662A0010,622,,
0662A0020,831,,
0662A0030,1214,,
0662A0040,1014,,
0662B2010,1060,,
0662B2020,454,,
0662B2030,635,,
0662B3010,699,,
0662B4010,722,,
0662B5010,487,,
0662C1010,750,,
0662C1020,883,,
0662C1030,876,,
0662C1040,980,,
0662C1050,721,,
0662C1060,847,,
0662C1070,888,,
0662C1080,597,,
0662C1090,763,,
0665A0010,1063,,
0665A0020,844,,
0665A0030,932,,
0665C1010,806,,
0665C1020,935,,
0665C1030,1022,,
0665C2010,1095,,
0665C2020,962,,
0680A0010,1214,,
0680A0020,985,,
0680A0030,741,,
0680A0040,748,,
0680A0050,1423,,
0680A0060,816,,
0680A0070,1373,,
0680A0080,940,,
0680A0090,913,,
0680A0100,388,,
0680B2010,842,,
0680B2020,640,,
0680B3010,961,,
0680B3020,545,,
0680B4010,567,,
0680B4020,735,,
0680C1010,737,,
0680C1020,924,,
0680C1030,810,,
0680C1040,1191,,
0680C1050,1308,,
0680C1060,1015,,
0680C1070,864,,
0680C1080,1046,,
0680C1090,298,,
0680C1100,385,,
0680C1110,989,,
0680C1120,776,,
0680C1130,1000,,
0680C1140,691,,
0680C1150,732,,
0680C1160,1341,,
0680C1170,536,,
0680C1180,1309,,
0680C1190,830,,
0680C1200,1059,,
0680C1210,1362,,
0680C1220,711,,
0680C1230,573,,
0680C1240,764,,
0680C1250,632,,
0680C1260,994,,
0680C1270,631,,
0680C1280,900,,
0680C1290,729,,
0680C1300,726,,
0680C1310,626,,
0680C1320,599,,
0680C1330,750,,
0680C1340,758,,
0680C1350,688,,
0680C1360,648,,
0680C1370,622,,
0680C1380,736,,
0680C1390,933,,
0680C1400,573,,
0680C1410,535,,
0680C1420,745,,
0680C1430,672,,
0680C1440,532,,
0680C1450,723,,
0680C1460,769,,
0680C1470,775,,
0680C1480,1030,,
0680C1490,756,,
0680C1500,1158,,
0680C1510,956,,
0680C1520,1210,,
0680C1530,1087,,
0680C1540,1113,,
0680C1550,1145,,
0680C1560,1279,,
0680C1570,993,,
0680C1580,1025,,
0682A0010,587,,
0682A0020,1156,,
0682A0030,712,,
0682A0040,919,,
0682A0050,712,,
0682A0060,881,,
0682B2010,736,,
0682B2020,442,,
0682B3010,593,,
0682B3020,395,,
0682B4010,571,,
0682C1010,737,,
0682C1020,799,,
0682C1030,819,,
0682C1040,1088,,
0682C1050,865,,
0682C1060,966,,
0682C1070,1118,,
0682C1080,608,,
0682C1090,920,,
0683A0010,745,,
0683A0020,522,,
0683A0030,1268,,
0683A0040,913,,
0683A0050,824,,
0683A0060,976,,
0683B2010,710,,
0683B3010,755,,
0683B4010,810,,
0683B5010,797,,
0683C1010,461,,
0683C1020,711,,
0683C1030,810,,
0683C1040,748,,
0683C1050,942,,
0683C1060,499,,
0683C1070,1125,,
0683C1080,1047,,
0683C1090,711,,
0683C1100,685,,
0683C1110,570,,
0683C1120,933,,
0684A0010,1207,,
0684A0020,1055,,
0684B2010,792,,
0684B3010,532,,
0684C1010,646,,
0684C1020,780,,
0684C1030,1190,,
0685A0010,995,,
0685A0020,805,,
0685A0030,755,,
0685A0040,541,,
0685A0050,775,,
0685A0060,1221,,
0685A0070,625,,
0685B2010,843,,
0685B3010,773,,
0685B4010,737,,
0685C1010,1593,,
0685C1020,926,,
0685C1030,593,,
0685C1040,764,,
0685C1050,993,,
0685C1060,867,,
0685C1070,1012,,
0686A0010,1199,,
0686A0020,609,,
0686A0030,1359,,
0686B2010,741,,
0686C1010,790,,
0686C1020,844,,
0686C1030,791,,
0686C1040,754,,
0686C1050,1036,,
0686C1060,708,,
0687A0010,645,,
0687A0020,693,,
0687A0030,899,,
0687C1010,943,,
0687C1020,864,,
0687C1030,924,,
0687C1040,1061,,
0687C1050,629,,
0687C1060,740,,
0687C1070,765,,
0687C1080,363,,
0760A0010,1456,,
0760A0020,685,,
0760B2010,861,,
0760B3010,714,,
0760C1010,467,,
0760C1020,737,,
0761A0010,821,,
0761B2010,774,,
0761B2020,754,,
0761B3010,436,,
0761C1010,568,,
0761C1020,628,,
0763A0010,643,,
0763A0020,485,,
0763A0030,980,,
0763A0040,1201,,
0763A0050,1210,,
0763B2010,741,,
0763C1010,779,,
0763C1020,776,,
0764A0010,721,,
0764A0020,980,,
0764A0030,873,,
0764A0040,941,,
0764A0050,864,,
0764B2010,504,,
0764B2020,776,,
0764B3010,931,,
0764C1010,873,,
0764C1020,690,,
0764C1030,822,,
0764C1040,642,,
0764C1050,839,,
0765A0010,838,,
0765A0020,1557,,
0765A0030,967,,
0765B2010,828,,
0765C1010,832,,
0765C1020,889,,
0765C1030,755,,
0765C1040,881,,
0765C1050,1043,,
0767A0010,1385,,
0767B2010,1013,,
0767B2020,384,,
0767C1010,1149,,
0767C1020,994,,
0767C1030,390,,
0780A0010,653,,
0780A0020,1023,,
0780A0030,1406,,
0780A0040,1155,,
0780A0050,767,,
0780A0060,1199,,
0780A0070,1168,,
0780A0080,1052,,
0780B2010,668,,
0780B2020,469,,
0780B3010,969,,
0780B4010,713,,
0780B5010,772,,
0780B6010,812,,
0780C1010,1014,,
0780C1020,1429,,
0780C1030,436,,
0780C1040,711,,
0780C1050,155,,
0780C1060,1131,,
0780C1070,503,,
0780C1080,624,,
0780C1090,909,,
0780C1100,886,,
0780C1110,491,,
0780C1120,683,,
0780C1130,662,,
0780C1140,748,,
0780C1150,605,,
0780C1160,815,,
0780C1170,934,,
0780C1180,618,,
0780C1190,947,,
0780C1200,1236,,
0780C1210,996,,
0780C1220,792,,
0780C1230,526,,
0780C1240,553,,
0780C1250,710,,
0780C1260,983,,
0780C1270,682,,
0780C1280,540,,
0780C1290,774,,
0780C1300,923,,
0780C1310,1094,,
0780C1320,1003,,
0780C1330,726,,
0780C1340,1061,,
0780C1350,652,,
0780C1360,961,,
0781A0010,1385,,
0781A0020,1159,,
0781A0030,1417,,
0781A0040,1426,,
0781A0050,1195,,
0781B2010,906,,
0781C1010,648,,
0781C1020,788,,
0781C1030,1071,,
0781C1040,1079,,
0781C1050,1119,,
0781C1060,979,,
0781C1070,1055,,
0781C1080,858,,
0821A0010,736,,
0821A0020,630,,
0821A0030,680,,
0821C1010,920,,
0834A0010,646,,
0834A0020,1254,,
0834B2010,658,,
0834B3010,525,,
0834C1010,1154,,
0840A0010,586,,
0840A0020,982,,
0840A0030,1405,,
0840B2010,1339,,
0840B2020,933,,
0840B2030,777,,
0840B2040,1018,,
0840B2050,1141,,
0840C1010,925,,
0860A0010,764,,
0860A0020,773,,
0860A0030,688,,
0860A0040,643,,
0860B2010,929,,
0860B3010,1017,,
0860C1010,571,,
0860C1020,773,,
0860C1030,1300,,
0861A0010,797,,
0861A0020,748,,
0861A0030,791,,
0861B2010,461,,
0861B2020,795,,
0861B3010,847,,
0861C1010,756,,
0861C1020,678,,
0861C1030,613,,
0861C1040,820,,
0862A0010,1081,,
0862A0020,565,,
0862A0030,1087,,
0862C1010,667,,
0862C1020,865,,
0862C1030,928,,
0880A0010,989,,
0880A0020,502,,
0880A0030,615,,
0880A0040,720,,
0880A0050,856,,
0880A0060,1064,,
0880A0070,1766,,
0880B2010,922,,
0880B2020,719,,
0880B2030,582,,
0880B2040,768,,
0880B3010,695,,
0880B3020,1249,,
0880B4010,948,,
0880C1010,685,,
0880C1020,869,,
0880C1030,772,,
0880C1040,636,,
0880C1050,698,,
0880C1060,390,,
0880C1070,723,,
0880C1080,649,,
0880C1090,835,,
0880C1100,746,,
0880C1110,556,,
0880C1120,635,,
0880C1130,474,,
0880C1140,333,,
0880C1150,577,,
0880C1160,448,,
0880C1170,1014,,
0880C1180,1162,,
0880C1190,1018,,
0880C1200,1417,,
0880C1210,656,,
0880C1220,596,,
0880C1230,653,,
0880C1240,670,,
0880C1250,700,,
0880C1260,961,,
0880C1270,602,,
0880C1280,751,,
0881A0010,657,,
0881A0020,740,,
0881A0030,1555,,
0881A0040,872,,
0881B2010,546,,
0881C1010,963,,
0881C1020,854,,
0881C1030,871,,
0881C1040,610,,
0881C1050,747,,
0881C1060,737,,
0881C1070,611,,
0881C1080,1078,,
0882A0010,1563,,
0882A0020,539,,
0882A0030,1394,,
0882B2010,791,,
0882B3010,576,,
0882C1010,1046,,
0882C1020,641,,
0882C1030,673,,
0882C1040,663,,
0882C1050,552,,
0882C1060,577,,
0882C1070,696,,
0882C1080,654,,
0882C1090,889,,
0882C1100,793,,
0882C1110,676,,
0882C1120,1248,,
0883A0010,807,,
0883A0020,1080,,
0883A0030,781,,
0883A0040,481,,
0883A0050,857,,
0883A0060,734,,
0883B2010,613,,
0883B2020,703,,
0883B3010,652,,
0883B4010,575,,
0883B5010,489,,
0883C1010,957,,
0883C1020,644,,
0883C1030,812,,
0883C1040,495,,
0883C1050,486,,
0883C1060,475,,
0883C1070,1224,,
0883C1080,771,,
0883C1090,672,,
0883C1100,406,,
0883C1110,741,,
0883C1120,850,,
0883C1130,564,,
0883C1140,912,,
0884A0010,1224,,
0884A0020,1102,,
0884A0030,1074,,
0884B2010,650,,
0884B3010,583,,
0884C1010,810,,
0884C1020,624,,
0884C1030,864,,
0884C1040,868,,
0884C1050,892,,
0885A0010,883,,
0885A0020,873,,
0885A0030,873,,
0885A0040,1539,,
0885C1010,723,,
0885C1020,855,,
0885C1030,663,,
0980A0010,621,,
0980A0020,1183,,
0980A0030,815,,
0980A0040,594,,
0980A0050,562,,
0980A0060,879,,
0980A0070,1015,,
0980A0080,652,,
0980A0090,959,,
0980A0100,1194,,
0980A0110,935,,
0980A0120,864,,
0980A0130,1020,,
0980A0140,1089,,
0980A0150,1510,,
0980A0160,1185,,
0980A0170,1491,,
0980A0180,1099,,
0980B2010,929,,
0980B3010,911,,
0980B4010,802,,
0980B5010,770,,
0980C1010,1457,,
0980C1020,941,,
0980C1030,1062,,
0980C1040,788,,
0980C1050,620,,
0980C1060,1078,,
0980C1070,862,,
0980C1080,803,,
0980C1090,1012,,
0980C1100,968,,
0980C1110,623,,
0980C1120,751,,
0980C1130,657,,
0980C1140,705,,
0980C1150,614,,
0980C1160,884,,
1060A0010,826,,
1060A0020,961,,
1060B2010,559,,
1060C1010,846,,
1060C1020,923,,
1060C1030,928,,
1060C1040,781,,
1060C1050,962,,
1080A0010,1103,,
1080A0020,474,,
1080A0030,1651,,
1080A0040,947,,
1080A0050,1398,,
1080A0060,962,,
1080A0070,766,,
1080A0080,850,,
1080A0090,1216,,
1080A0100,695,,
1080B2010,896,,
1080B2020,1029,,
1080B3010,700,,
1080B3020,755,,
1080B4010,968,,
1080B5010,950,,
1080C1010,722,,
1080C1020,612,,
1080C1030,550,,
1080C1040,606,,
1080C1050,432,,
1080C1060,794,,
1080C1070,837,,
1080C1080,756,,
1080C1090,790,,
1080C1100,622,,
1080C1110,738,,
1080C1120,445,,
1080C1130,1086,,
1080C1140,623,,
1080C1150,539,,
1080C1160,581,,
1080C1170,443,,
1080C1180,725,,
1080C1190,737,,
1080C1200,773,,
1080C1210,718,,
1080C1220,674,,
1080C1230,1032,,
1080C1240,1289,,
1081A0010,1158,,
1081A0020,832,,
1081A0030,947,,
1081A0040,910,,
1081A0050,976,,
1081B2010,1188,,
1081B3010,966,,
1081C1010,1183,,
1081C1020,984,,
1081C1030,429,,
1081C1040,544,,
1081C1050,609,,
1081C1060,1008,,
1081C1070,751,,
1081C1080,729,,
1081C1090,848,,
1081C1100,775,,
1081C1110,878,,
1082A0010,971,,
1082A0020,1533,,
1082A0030,740,,
1082B2010,990,,
1082C1010,795,,
1082C1020,708,,
1082C1030,641,,
1082C1040,654,,
1082C1050,721,,
1082C1060,690,,
1082C1070,825,,
1082C1080,764,,
1082C1090,1272,,
1082C1100,936,,
1082C1110,931,,
1082C1120,938,,
1082C1130,1180,,
1082C1140,1164,,
1083A0010,1190,,
1083A0020,1092,,
1083B2010,1125,,
1083B3010,923,,
1083B4010,701,,
1083C1010,1232,,
1083C1020,1067,,
1083C1030,1031,,
1083C1040,1131,,
1214A0010,687,,
1214A0020,1135,,
1214A0030,1035,,
1214A0040,599,,
1214B2010,941,,
1214B3010,876,,
1214B4010,641,,
1214C1010,965,,
1214C1020,949,,
1230A0010,1164,,
1230A0020,300,,
1230B2010,1116,,
1230B2020,1196,,
1230C1010,1466,,
1230C1020,1252,,
1230C1030,997,,
1230C1040,810,,
1230C1050,1266,,
1230C1060,968,,
1230C1070,968,,
1230C1080,879,,
1231C1010,640,,
1231C1020,922,,
1231C1030,527,,
1231C1040,814,,
1231C1050,710,,
1231C1060,743,,
1231C1070,558,,
1231C1080,937,,
1231C1090,981,,
1231C1100,996,,
1233A0010,988,,
1233A0020,555,,
1233B2010,1111,,
1233B2020,917,,
1233B2030,656,,
1233B2040,1032,,
1233B2050,1182,,
1233B2060,938,,
1233B2070,1286,,
1233B2080,918,,
1233B3010,747,,
1233B3020,871,,
1233B3030,1024,,
1233B3040,1183,,
1233B4010,537,,
1233B4020,861,,
1233C1010,640,,
1233C1020,786,,
1233C1030,1051,,
1233C1040,1073,,
1233C1050,867,,
1256A0010,848,,
1256A0020,531,,
1256A0030,713,,
1256B2010,987,,
1256B2020,726,,
1256B3010,746,,
1256B4010,666,,
1256B5010,678,,
1256C1010,772,,
1256C1020,803,,
1257A0010,791,,
1257A0020,1184,,
1257A0030,938,,
1257C1010,763,,
1257C1020,758,,
1257C1030,682,,
1257C1040,619,,
1260A0010,1011,,
1260A0020,1002,,
1260A0030,1239,,
1260B2010,1123,,
1260C1010,980,,
1260C1020,723,,
1260C1030,1074,,
1260C1040,1171,,
1261A0010,402,,
1261A0020,609,,
1261A0030,712,,
1261B2010,963,,
1261B2020,1171,,
1261B2030,1293,,
1261B2040,887,,
1261B2050,1414,,
1261B2060,966,,
1261B2070,959,,
1261C1010,830,,
1261C1020,704,,
1261C1030,762,,
1261C1040,591,,
1261C1050,771,,
1261C1060,693,,
1261C1070,644,,
1261C1080,1305,,
1261C1090,696,,
1262C1010,690,,
1262C1020,846,,
1262C1030,775,,
1262C1040,823,,
1262C1050,1184,,
1262C1060,908,,
1262C1070,1051,,
1262C1080,811,,
1262C1090,1120,,
1262C1100,1270,,
1262C1110,955,,
1262C1120,966,,
1263A0010,650,,
1263A0020,1050,,
1263B2010,844,,
1263B2020,1334,,
1263B3010,1213,,
1263C1010,951,,
1263C1020,878,,
1263C1030,663,,
1263C1040,964,,
1263C1050,991,,
1263C1060,715,,
1263C1070,1128,,
1264A0010,715,,
1264A0020,735,,
1264A0030,593,,
1264A0040,725,,
1264B2010,862,,
1264B3010,804,,
1264C1010,1007,,
1264C1020,964,,
1264C1030,931,,
1264C1040,1208,,
1265A0010,892,,
1265A0020,754,,
1265A0030,1117,,
1265A0040,775,,
1265A0050,1025,,
1265A0060,690,,
1265A0070,594,,
1265B2010,970,,
1265C1010,1395,,
1265C1020,974,,
1265C1030,1093,,
1265C1040,1050,,
1266A0010,1154,,
1266A0020,736,,
1266A0030,598,,
1266A0040,647,,
1266A0050,869,,
1266B2010,876,,
1266C1010,840,,
1266C1020,1098,,
1266C1030,1043,,
1266C1040,810,,
1267A0010,1014,,
1267A0020,1235,,
1267C1010,1119,,
1267C1020,1007,,
1267C1030,925,,
1267C1040,1028,,
1267C1050,856,,
1267C1060,1075,,
1267C1070,576,,
1270A0010,1499,,
1270A0020,1349,,
1270A0030,1203,,
1270C1010,1240,,
1270C1020,691,,
1270C1030,477,,
1270C1040,1238,,
1272A0010,864,,
1272B2010,771,,
1272B3010,828,,
1272C1010,1277,,
1272C1020,1157,,
1272C1030,906,,
1272C1040,842,,
1273A0010,619,,
1273A0020,816,,
1273A0030,753,,
1273B2010,976,,
1273C1010,867,,
1273C1020,768,,
1273C1030,645,,
1273C1040,747,,
1273C1050,758,,
1275A0010,829,,
1275C1010,632,,
1275C1020,528,,
1275C1030,698,,
1275C1040,682,,
1276A0010,1121,,
1276A0020,628,,
1276A0030,911,,
1276B2010,1299,,
1276B3010,1166,,
1276C1010,1199,,
1276C1020,969,,
1276C1030,884,,
1276C1040,926,,
1276C1050,629,,
1277A0010,518,,
1277B2010,1335,,
1277B3010,1081,,
1277C1010,478,,
1277C1020,756,,
1277C1030,1137,,
1277C1040,544,,
1277C1050,802,,
1277C1060,535,,
1277C1070,771,,
1278A0010,1106,,
1278A0020,1244,,
1278B2010,723,,
1278B2020,524,,
1278B2030,621,,
1278B3010,696,,
1278C1010,1094,,
1278C1020,1052,,
1278C1030,1634,,
1280C1010,933,,
1280C1020,601,,
1280C1030,842,,
1280C1040,958,,
1280C1050,1251,,
1280C1060,651,,
1280C1070,716,,
1280C1080,627,,
1280C1090,983,,
1280C1100,728,,
1280C1110,957,,
1280C1120,446,,
1280C1130,899,,
1280C1140,629,,
1280C1150,500,,
1280C1160,673,,
1280C1170,790,,
1280C1180,703,,
1280C1190,953,,
1280C1200,564,,
1280C1210,526,,
1280C1220,700,,
1280C1230,612,,
1280C1240,437,,
1280C1250,759,,
1280C1260,480,,
1280C1270,1123,,
1280C1280,706,,
1280C1290,451,,
1280C1300,538,,
1280C1310,402,,
1280C1320,362,,
1280C1330,545,,
1280C1340,1130,,
1280C1350,382,,
1280C1360,562,,
1280C1370,891,,
1280C1380,566,,
1280C1390,677,,
1280C1400,800,,
1280C1410,558,,
1280C1420,585,,
1280C1430,394,,
1280C1440,1132,,
1280C1450,774,,
1280C1460,416,,
1280C1470,419,,
1280C1480,264,,
1280C1490,487,,
1280C1500,557,,
1280C1510,799,,
1280C1520,436,,
1280C1530,386,,
1280C1540,645,,
1280C1550,944,,
1280C1560,682,,
1280C1570,408,,
1280C1580,580,,
1280C1590,611,,
1280C1600,273,,
1280C1610,621,,
1280C1620,471,,
1280C1630,597,,
1280C1640,664,,
1280C1650,499,,
1280C1660,594,,
1280C1670,587,,
1280C1680,406,,
1280C1690,223,,
1280C1700,416,,
1280C1710,283,,
1280C1720,332,,
1280C1730,715,,
1280C1740,337,,
1280C1750,317,,
1280C1760,264,,
1280C1770,311,,
1280C1780,642,,
1280C1790,526,,
1280C1800,297,,
1280C1810,667,,
1280C1820,607,,
1280C1830,310,,
1280C1840,366,,
1280C1850,518,,
1280C1860,711,,
1280C1870,524,,
1280C1880,89,,
1280C1890,301,,
1280C1900,663,,
1280C1910,207,,
1280C1920,439,,
1280C1930,340,,
1280C1940,430,,
1280C1950,660,,
1280C1960,347,,
1280C1970,204,,
1280C1980,332,,
1280C1990,763,,
1280C2000,466,,
1280C2010,705,,
1280C2020,300,,
1280C2030,334,,
1280C2040,756,,
1280C2050,438,,
1280C2060,309,,
1280C2070,466,,
1280C2080,2448,,
1280C2090,270,,
1280C2100,219,,
1280C2110,254,,
1280C2120,901,,
1280C2130,506,,
1280C2140,172,,
1280C2150,418,,
1280C2160,376,,
1280C2170,336,,
1280C2180,403,,
1280C2190,380,,
1280C2200,371,,
1280C2210,957,,
1280C2220,281,,
1280C2230,215,,
1280C2240,310,,
1280C2250,369,,
1280C2260,254,,
1280C2270,452,,
1280C2280,597,,
1280C2290,293,,
1280C2300,460,,
1280C2310,316,,
1280C2320,626,,
1280C2330,545,,
1280C2340,749,,
1280C2350,352,,
1280C2360,471,,
1280C2370,388,,
1280C2380,385,,
1280C2390,301,,
1280C2400,313,,
1280C2410,475,,
1280C2420,382,,
1280C2430,352,,
1280C2440,479,,
1280C2450,411,,
1280C2460,412,,
1280C2470,355,,
1280C2480,293,,
1280C2490,481,,
1280C2500,352,,
1280C2510,360,,
1280C2520,488,,
1280C2530,835,,
1280C2540,332,,
1280C2550,678,,
1280C2560,227,,
1280C2570,343,,
1280C2580,261,,
1280C2590,506,,
1280C2600,1161,,
1280C2610,760,,
1280C2620,490,,
1280C2630,628,,
1280C2640,430,,
1280C2650,422,,
1280C2660,328,,
1280C2670,390,,
1280C2680,356,,
1280C2690,381,,
1280C2700,434,,
1280C2710,505,,
1280C2720,309,,
1280C2730,314,,
1280C2740,672,,
1280C2750,402,,
1280C2760,411,,
1280C2770,329,,
1280C2780,288,,
1280C2790,253,,
1280C2800,410,,
1280C2810,419,,
1280C2820,345,,
1280C2830,420,,
1280C2840,508,,
1280C2850,567,,
1280C2860,428,,
1280C2870,1304,,
1280C2880,1097,,
1280C2890,430,,
1280C2900,387,,
1280C2910,584,,
1280C2920,400,,
1281A0010,573,,
1281A0020,1424,,
1281A0030,963,,
1281A0040,749,,
1281B2010,997,,
1281B2020,598,,
1281B2030,752,,
1281B2040,991,,
1281B3010,595,,
1281B3020,864,,
1281B3030,593,,
1281B3040,947,,
1281B4010,852,,
1281B4020,907,,
1281B4030,951,,
1281B5010,1054,,
1281B5020,532,,
1281C1010,576,,
1281C1020,619,,
1281C1030,912,,
1281C1040,317,,
1281C1050,561,,
1281C1060,604,,
1281C1070,611,,
1281C1080,470,,
1281C1090,328,,
1281C1100,563,,
1281C1110,564,,
1281C1120,110,,
1281C1130,294,,
1281C1140,636,,
1281C1150,446,,
1281C1160,632,,
1281C1170,251,,
1281C1180,406,,
1281C1190,638,,
1281C1200,385,,
1281C1210,385,,
1281C1220,479,,
1281C1230,750,,
1281C1240,327,,
1281C1250,447,,
1281C1260,373,,
1281C1270,519,,
1281C1280,443,,
1281C1290,560,,
1281C1300,319,,
1281C1310,331,,
1281C1320,607,,
1281C1330,487,,
1281C1340,446,,
1281C1350,167,,
1281C1360,312,,
1281C1370,221,,
1281C1380,452,,
1281C1390,512,,
1281C1400,549,,
1281C1410,348,,
1281C1420,283,,
1281C1430,894,,
1281C1440,48,,
1281C1450,12,,
1281C1460,665,,
1281C1470,461,,
1281C1480,356,,
1281C1490,580,,
1281C1500,343,,
1281C1510,868,,
1281C1520,632,,
1281C1530,445,,
1281C1540,475,,
1281C1550,838,,
1281C1560,685,,
1281C1570,328,,
1282A0010,1602,,
1282B2010,1242,,
1282B3010,999,,
1282C1010,1277,,
1282C1020,1419,,
1282C1030,586,,
1282C1040,852,,
1282C1050,803,,
1282C1060,587,,
1282C1070,593,,
1282C1080,688,,
1282C1090,663,,
1282C1100,758,,
1282C1110,645,,
1282C1120,607,,
1282C1130,626,,
1282C1140,440,,
1282C1150,335,,
1282C1160,806,,
1282C1170,301,,
1282C1180,995,,
1282C1190,1351,,
1282C1200,702,,
1283A0010,801,,
1283A0020,780,,
1283A0030,1158,,
1283A0040,707,,
1283B2010,905,,
1283B2020,1259,,
1283B2030,834,,
1283B3010,1049,,
1283B4010,696,,
1283B5010,567,,
1283C1010,772,,
1283C1020,778,,
1283C1030,736,,
1283C1040,928,,
1283C1050,784,,
1283C1060,538,,
1283C1070,529,,
1283C1080,749,,
1283C1090,552,,
1283C1100,757,,
1283C1110,783,,
1283C1120,748,,
1283C1130,489,,
1283C1140,1004,,
1283C1150,670,,
1283C1160,913,,
1283C1170,769,,
1283C1180,766,,
1283C1190,848,,
1283C1200,613,,
1283C1210,625,,
1283C1220,1250,,
1283C1230,396,,
1283C1240,417,,
1283C1250,497,,
1283C1260,633,,
1283C1270,643,,
1283C1280,380,,
1283C1290,527,,
1283C1300,837,,
1283C1310,522,,
1283C1320,760,,
1283C1330,423,,
1283C1340,551,,
1283C1350,545,,
1283C1360,829,,
1283C1370,668,,
1283C1380,644,,
1283C1390,617,,
1283C1400,783,,
1283C1410,784,,
1283C1420,566,,
1283C1430,737,,
1283C1440,652,,
1283C1450,490,,
1283C1460,577,,
1283C1470,587,,
1283C1480,773,,
1283C1490,693,,
1283C1500,627,,
1283C1510,696,,
1283C1520,895,,
1283C1530,930,,
1283C1540,415,,
1283C1550,391,,
1283C1560,575,,
1283C1570,613,,
1283C1580,950,,
1283C1590,985,,
1283C1600,639,,
1283C1610,1062,,
1283C1620,582,,
1283C1630,1381,,
1283C1640,776,,
1283C1650,628,,
1283C1660,945,,
1283C1670,1026,,
1283C1680,438,,
1283C1690,1073,,
1283C1700,897,,
1284A0010,1066,,
1284A0020,953,,
1284A0030,522,,
1284B2010,526,,
1284B2020,800,,
1284C1010,663,,
1284C1020,1135,,
1284C1030,752,,
1284C1040,562,,
1284C1050,809,,
1284C1060,986,,
1284C1070,1036,,
1284C1080,766,,
1284C1090,913,,
1284C1100,893,,
1284C1110,728,,
1284C1120,1041,,
1285A0010,1345,,
1285A0020,502,,
1285A0030,419,,
1285A0040,911,,
1285A0050,791,,
1285A0060,683,,
1285A0070,605,,
1285B2010,956,,
1285B3010,720,,
1285B4010,646,,
1285B5010,617,,
1285C1010,777,,
1285C1020,923,,
1285C1030,770,,
1285C1040,999,,
1285C1050,603,,
1285C1060,934,,
1285C1070,1103,,
1285C1080,1060,,
1285C1090,874,,
1286A0010,721,,
1286A0020,817,,
1286A0030,916,,
1286A0040,680,,
1286A0050,636,,
1286A0060,512,,
1286B2010,934,,
1286B2020,647,,
1286C1010,691,,
1286C1020,747,,
1286C1030,769,,
1286C1040,1605,,
1286C1050,647,,
1286C1060,924,,
1286C1070,1034,,
1286C1080,1008,,
1286C1090,690,,
1286C1100,447,,
1286C1110,942,,
1287A0010,1093,,
1287A0020,1057,,
1287A0030,833,,
1287A0040,977,,
1287A0050,841,,
1287B2010,713,,
1287B2020,1061,,
1287B3010,1078,,
1287C1010,1272,,
1287C1020,928,,
1287C1030,695,,
1287C1040,437,,
1287C1050,579,,
1287C1060,863,,
1287C1070,779,,
1287C1080,581,,
1287C1090,958,,
1287C1100,1116,,
1287C1110,695,,
1287C1120,669,,
1287C1130,522,,
1287C1140,476,,
1287C1150,550,,
1287C1160,994,,
1287C1170,1091,,
1287C1180,1038,,
1287C1190,758,,
1290A0010,657,,
1290A0020,963,,
1290A0030,951,,
1290A0040,1197,,
1290A0050,1077,,
1290A0060,554,,
1290A0070,678,,
1290A0080,1430,,
1290A0090,1130,,
1290A0100,620,,
1290A0110,1346,,
1290B2010,1448,,
1290B2020,630,,
1290B2030,938,,
1290B2040,1019,,
1290B2050,1262,,
1290B2060,814,,
1290B3010,1135,,
1290B3020,776,,
1290B4010,1076,,
1290B5010,919,,
1290B6010,783,,
1290B7010,787,,
1290B8010,577,,
1290C1010,564,,
1290C1020,1260,,
1290C1030,924,,
1290C1040,668,,
1290C1050,1236,,
1290C1060,665,,
1290C1070,814,,
1290C1080,820,,
1290C1090,789,,
1290C1100,717,,
1290C1110,1065,,
1290C1120,716,,
1290C1130,645,,
1290C1140,624,,
1290C1150,743,,
1290C1160,722,,
1290C1170,689,,
1290C1180,1225,,
1290C1190,683,,
1290C1200,643,,
1290C1210,869,,
1290C1220,445,,
1290C1230,527,,
1291A0010,890,,
1291A0020,526,,
1291A0030,681,,
1291A0040,813,,
1291A0050,644,,
1291A0060,585,,
1291A0070,709,,
1291B2010,598,,
1291B3010,560,,
1291B4010,571,,
1291B5010,503,,
1291C1010,651,,
1291C1020,1072,,
1291C1030,721,,
1291C1040,1006,,
1292A0010,572,,
1292A0020,843,,
1292A0030,1515,,
1292A0040,1195,,
1292B2010,1164,,
1292B2020,979,,
1292B3010,555,,
1292B3020,570,,
1292B4010,784,,
1292C1010,1022,,
1292C1020,1155,,
1292C1030,807,,
1292C1040,1070,,
1292C1050,755,,
1292C1060,1073,,
1292C1070,728,,
1292C1080,837,,
1292C1090,585,,
1292C1100,957,,
1292C1110,1136,,
1292C1120,950,,
1292C1130,852,,
1292C1140,1115,,
1292C1150,1213,,
1293A0010,991,,
1293A0020,1057,,
1293A0030,955,,
1293A0040,846,,
1293A0050,888,,
1293A0060,813,,
1293A0070,631,,
1293A0080,851,,
1293B2010,673,,
1293B2020,887,,
1293B2030,822,,
1293B3010,638,,
1293B3020,1059,,
1293B3030,545,,
1293B4010,669,,
1293B4020,844,,
1293B5010,826,,
1293B6010,893,,
1293B7010,869,,
1293B8010,633,,
1293C1010,921,,
1293C1020,701,,
1293C1030,503,,
1293C1040,624,,
1293C1050,720,,
1293C1060,586,,
1293C1070,1181,,
1293C1080,791,,
1293C1090,925,,
1293C1100,600,,
1293C1110,687,,
1293C1120,928,,
1293C1130,841,,
1315A0010,666,,
1315A0020,799,,
1315A0030,678,,
1315A0040,839,,
1315B2010,671,,
1315C1010,1097,,
1315C1020,751,,
1380A0010,1054,,
1380A0020,1177,,
1380A0030,1008,,
1380A0040,884,,
1380A0050,726,,
1380A0060,740,,
1380A0070,790,,
1380B2010,1333,,
1380B2020,872,,
1380B2030,1215,,
1380B3010,1094,,
1380B4010,962,,
1380C1010,781,,
1380C1020,946,,
1380C1030,694,,
1380C1040,941,,
1380C1050,937,,
1380C1060,853,,
1380C1070,587,,
1380C1080,685,,
1380C1090,594,,
1380C1100,907,,
1380C1110,826,,
1380C1120,912,,
1380C1130,486,,
1380C1140,1126,,
1380C1150,719,,
1380C1160,770,,
1380C1170,529,,
1380C1180,1150,,
1380C1190,849,,
1380C1200,380,,
1380C1210,583,,
1380C1220,599,,
1380C1230,874,,
1380C1240,515,,
1380C1250,1128,,
1380C1260,925,,
1380C1270,657,,
1380C1280,952,,
1380C1290,700,,
1380C1300,600,,
1380C1310,754,,
1380C1320,791,,
1380C1330,1063,,
1380C1340,872,,
1380C1350,722,,
1380C1360,948,,
1380C1370,974,,
1380C1380,1265,,
1380C1390,723,,
1380C1400,714,,
1380C1410,990,,
1380C1420,913,,
1380C1430,1143,,
1380C1440,663,,
1381A0010,829,,
1381A0020,937,,
1381A0030,859,,
1381A0040,1015,,
1381A0050,1135,,
1381A0060,649,,
1381B2010,1447,,
1381B2020,1661,,
1381B3010,481,,
1381B3020,817,,
1381B4010,669,,
1381B5010,647,,
1381C1010,1209,,
1381C1020,1136,,
1381C1030,1089,,
1381C1040,618,,
1382A0010,1247,,
1382A0020,985,,
1382A0030,1462,,
1382A0040,759,,
1382A0050,985,,
1382A0060,682,,
1382A0070,737,,
1382A0080,829,,
1382A0090,835,,
1382B2010,803,,
1382B3010,587,,
1382C1010,935,,
1382C1020,1626,,
1382C1030,1143,,
1382C1040,653,,
1382C1050,726,,
1382C1060,890,,
1382C1070,1038,,
1382C1080,559,,
1382C1090,832,,
1382C1100,964,,
1382C1110,487,,
1382C1120,828,,
1382C1130,743,,
1382C1140,662,,
1382C1150,1624,,
1382C1160,558,,
1383A0010,795,,
1383A0020,1035,,
1383A0030,1451,,
1383A0040,690,,
1383A0050,972,,
1383A0060,679,,
1383A0070,1219,,
1383A0080,962,,
1383A0090,1128,,
1383B2010,994,,
1383B2020,674,,
1383B3010,567,,
1383B3020,738,,
1383B4010,1148,,
1383B5010,1355,,
1383B6010,637,,
1383B6020,555,,
1383C1010,761,,
1383C1020,946,,
1383C1030,553,,
1383C1040,662,,
1383C1050,1173,,
1383C1060,819,,
1383C1070,722,,
1383C1080,921,,
1383C1090,817,,
1383C1100,984,,
1383C1110,816,,
1383C1120,1122,,
1383C1130,805,,
1383C1140,596,,
1383C1150,1225,,
1383C1160,1024,,
1383C1170,874,,
1383C1180,878,,
1383C1190,1383,,
1383C1200,1146,,
1384A0010,699,,
1384A0020,1197,,
1384A0030,960,,
1384A0040,1150,,
1384A0050,829,,
1384B2010,988,,
1384B2020,608,,
1384B2030,1157,,
1384B2040,982,,
1384B2050,1138,,
1384B3010,731,,
1384B3020,1098,,
1384C1010,1223,,
1384C1020,1225,,
1384C1030,982,,
1384C1040,997,,
1384C1050,1285,,
1384C1060,1046,,
1384C1070,1219,,
1384C1080,1031,,
1384C1090,857,,
1384C1100,826,,
1384C1110,1038,,
1384C1120,982,,
1384C1130,576,,
1384C1140,767,,
1384C1150,686,,
1384C1160,967,,
1384C1170,508,,
1384C1180,807,,
1384C1190,575,,
1384C1200,728,,
1384C1210,833,,
1384C1220,979,,
1384C1230,662,,
1384C1240,923,,
1384C1250,1349,,
1384C1260,1130,,
1384C1270,1078,,
1384C1280,901,,
1384C1290,1071,,
1384C1300,533,,
1384C1310,840,,
1384C1320,926,,
1401A0010,1364,,
1401A0020,953,,
1401B2010,735,,
1401B2020,636,,
1401B3010,916,,
1401C1010,829,,
1401C1020,797,,
1401C1030,615,,
1401C1040,947,,
1401C1050,877,,
1401C1060,776,,
1401C1070,556,,
1401C1080,912,,
1401C1090,662,,
1401C1100,664,,
1401C1110,798,,
1401C1120,693,,
1401C1130,903,,
1401C1140,937,,
1401C1150,1145,,
1401C1160,667,,
1402C1010,1029,,
1402C1020,1065,,
1402C1030,848,,
1402C1040,856,,
1402C1050,824,,
1402C1060,907,,
1402C1070,682,,
1402C1080,679,,
1402C1090,803,,
1402C1100,926,,
1402C1110,893,,
1402C1120,560,,
1402C1130,907,,
1402C1140,597,,
1402C1150,738,,
1402C1160,1090,,
1402C1170,849,,
1402C1180,927,,
1407A0010,435,,
1407A0020,754,,
1407A0030,604,,
1407C1010,712,,
1407C1020,874,,
1407C1030,705,,
1407C1040,821,,
1407C1050,789,,
1415A0010,824,,
1415A0020,1363,,
1415A0030,836,,
1415C1010,1100,,
1415C1020,1116,,
1415C1030,948,,
1415C1040,860,,
1415C1050,753,,
1415C1060,680,,
1415C1070,759,,
1415C1080,791,,
1415C1090,928,,
1415C1100,1118,,
1415C1110,884,,
1415C1120,939,,
1419A0010,923,,
1419A0020,672,,
1419A0030,987,,
1419B2010,1172,,
1419B2020,855,,
1419B3010,892,,
1419C1010,929,,
1419C1020,597,,
1419C1030,1060,,
1419C1040,915,,
1421A0010,830,,
1421A0020,647,,
1421A0030,687,,
1421A0040,631,,
1421A0050,772,,
1421A0060,881,,
1421B2010,1224,,
1421B3010,626,,
1421B4010,644,,
1421B5010,873,,
1421C1010,603,,
1421C1020,729,,
1427A0010,694,,
1427A0020,685,,
1427A0030,991,,
1427B2010,1478,,
1427C1010,1119,,
1430A0010,1129,,
1430A0020,851,,
1430A0030,1001,,
1430A0040,955,,
1430C1010,1284,,
1430C1020,1030,,
1435A0010,1109,,
1435A0020,1022,,
1435A0030,1028,,
1435A0040,1227,,
1435A0050,1014,,
1435B2010,1156,,
1435C1010,909,,
1438A0010,1106,,
1438C1010,508,,
1438C1020,1104,,
1439A0010,1087,,
1439A0020,1349,,
1439C1010,794,,
1439C1020,679,,
1440A0010,1403,,
1440A0020,1143,,
1440B2010,725,,
1440B2020,727,,
1440B2030,786,,
1440B2040,657,,
1440B3010,602,,
1440C1010,874,,
1440C1020,711,,
1440C1030,757,,
1440C1040,713,,
1440C1050,984,,
1440C1060,1050,,
1440C1070,1189,,
1440C1080,894,,
1440C1090,742,,
1440C1100,1206,,
1441A0010,1464,,
1441B2010,1300,,
1441B2020,591,,
1441B2030,968,,
1441B2040,1066,,
1441B3010,471,,
1441B4010,526,,
1441C1010,758,,
1441C1020,703,,
1441C1030,971,,
1441C1040,878,,
1441C1050,950,,
1441C1060,573,,
1441C1070,831,,
1441C1080,845,,
1441C1090,872,,
1441C1100,573,,
1441C1110,880,,
1441C1120,911,,
1441C1130,459,,
1441C1140,772,,
1441C1150,775,,
1441C1160,786,,
1441C1170,757,,
1442A0010,1334,,
1442A0020,948,,
1442A0030,1411,,
1442C1010,561,,
1442C1020,767,,
1442C1030,752,,
1442C1040,619,,
1443A0010,585,,
1443A0020,1023,,
1443A0030,749,,
1443B2010,532,,
1443C1010,965,,
1443C1020,1293,,
1444A0010,813,,
1444A0020,896,,
1444C1010,833,,
1444C1020,764,,
1445A0010,1426,,
1445A0020,1040,,
1445C1010,1019,,
1446A0010,725,,
1446A0020,627,,
1446B2010,660,,
1446C1010,1058,,
1446C1020,973,,
1447A0010,553,,
1447A0020,889,,
1447B2010,831,,
1447C1010,620,,
1452A0010,563,,
1452A0020,1018,,
1452A0030,726,,
1452A0040,1060,,
1452B2010,872,,
1452B3010,657,,
1452C1010,497,,
1452C1020,642,,
1452C1030,548,,
1460A0010,1076,,
1460A0020,1303,,
1460B2010,714,,
1460B3010,530,,
1460C1010,662,,
1460C1020,984,,
1461A0010,994,,
1461A0020,1237,,
1461A0030,965,,
1461C1010,989,,
1461C1020,859,,
1462A0010,849,,
1462A0020,1217,,
1462A0030,1348,,
1462B2010,908,,
1462C1010,637,,
1462C1020,1108,,
1462C1030,925,,
1462C1040,627,,
1463A0010,837,,
1463A0020,1315,,
1463A0030,1258,,
1463A0040,1133,,
1463A0050,1156,,
1463A0060,664,,
1463A0070,1053,,
1463A0080,979,,
1463B2010,586,,
1463B2020,655,,
1463B3010,772,,
1463B4010,690,,
1463C1010,1142,,
1463C1020,767,,
1463C1030,767,,
1463C1040,1033,,
1463C1050,945,,
1463C1060,428,,
1463C1070,546,,
1463C1080,670,,
1463C1090,570,,
1463C1100,772,,
1465A0010,931,,
1465A0020,1620,,
1465A0030,1018,,
1465A0040,665,,
1465C1010,1051,,
1465C1020,717,,
1466A0010,563,,
1466A0020,890,,
1466A0030,533,,
1466A0040,540,,
1466B2010,724,,
1466C1010,912,,
1466C1020,1052,,
1470A0010,773,,
1470A0020,883,,
1470A0030,1066,,
1470A0040,554,,
1470A0050,1315,,
1470A0060,1125,,
1470B2010,663,,
1470B3010,539,,
1470C1010,1144,,
1470C1020,1262,,
1471A0010,729,,
1471A0020,688,,
1471A0030,745,,
1471A0040,1333,,
1471B2010,1140,,
1471B3010,547,,
1471C1010,772,,
1471C1020,809,,
1471C1030,429,,
1471C1040,630,,
1472A0010,1711,,
1472C1010,934,,
1472C1020,817,,
1472C1030,1123,,
1472C1040,849,,
1472C1050,695,,
1473A0010,1231,,
1473A0020,794,,
1473A0030,739,,
1473C1010,766,,
1473C1020,827,,
1473C1030,616,,
1480A0010,468,,
1480A0020,296,,
1480A0030,1368,,
1480A0040,526,,
1480A0050,577,,
1480B2010,325,,
1480C1010,1162,,
1480C1020,932,,
1480C1030,1195,,
1480C1040,679,,
1480C1050,811,,
1480C1060,939,,
1480C1070,835,,
1480C1080,639,,
1480C1090,785,,
1480C1100,984,,
1480C1110,643,,
1480C1120,973,,
1480C1130,681,,
1480C1140,779,,
1480C1150,640,,
1480C1160,990,,
1480C1170,414,,
1480C1180,665,,
1480C1190,505,,
1480C1200,792,,
1480C1210,476,,
1480C1220,604,,
1480C1230,428,,
1480C1240,481,,
1480C1250,554,,
1480C1260,624,,
1480C1270,469,,
1480C1280,343,,
1480C1290,976,,
1480C1300,268,,
1480C1310,693,,
1480C1320,615,,
1480C1330,770,,
1480C1340,351,,
1480C1350,314,,
1480C1360,519,,
1480C1370,378,,
1480C1380,754,,
1480C1390,749,,
1480C1400,406,,
1480C1410,748,,
1480C1420,786,,
1480C1430,514,,
1480C1440,863,,
1480C1450,740,,
1480C1460,356,,
1480C1470,809,,
1480C1480,415,,
1480C1490,435,,
1480C1500,480,,
1480C1510,497,,
1480C1520,586,,
1480C1530,812,,
1480C1540,393,,
1480C1550,484,,
1480C1560,736,,
1480C1570,626,,
1480C1580,708,,
1480C1590,430,,
1480C1600,484,,
1480C1610,406,,
1480C1620,673,,
1480C1630,569,,
1480C1640,652,,
1480C1650,357,,
1480C1660,132,,
1480C1670,428,,
1480C1680,559,,
1480C1690,545,,
1480C1700,556,,
1480C1710,672,,
1480C1720,313,,
1480C1730,386,,
1480C1740,75,,
1480C1750,376,,
1480C1760,386,,
1480C1770,453,,
1480C1780,483,,
1480C1790,340,,
1480C1800,340,,
1480C1810,499,,
1480C1820,532,,
1480C1830,485,,
1480C1840,390,,
1480C1850,516,,
1480C1860,343,,
1480C1870,573,,
1480C1880,511,,
1480C1890,232,,
1480C1900,389,,
1480C1910,637,,
1480C1920,309,,
1480C1930,290,,
1480C1940,429,,
1480C1950,415,,
1480C1960,390,,
1480C1970,370,,
1480C1980,371,,
1480C1990,358,,
1480C2000,440,,
1480C2010,374,,
1480C2020,539,,
1480C2030,454,,
1480C2040,603,,
1480C2050,435,,
1480C2060,456,,
1480C2070,269,,
1480C2080,494,,
1480C2090,428,,
1480C2100,421,,
1480C2110,569,,
1480C2120,492,,
1480C2130,324,,
1480C2140,1147,,
1480C2150,382,,
1480C2160,423,,
1480C2170,336,,
1480C2180,338,,
1480C2190,375,,
1480C2200,430,,
1480C2210,816,,
1480C2220,299,,
1480C2230,417,,
1480C2240,395,,
1480C2250,374,,
1480C2260,200,,
1480C2270,1064,,
1480C2280,342,,
1480C2290,553,,
1480C2300,318,,
1480C2310,392,,
1480C2320,402,,
1480C2330,328,,
1480C2340,415,,
1480C2350,398,,
1480C2360,710,,
1480C2370,412,,
1480C2380,406,,
1480C2390,493,,
1480C2400,579,,
1480C2410,527,,
1480C2420,571,,
1480C2430,533,,
1480C2440,502,,
1480C2450,757,,
1480C2460,430,,
1480C2470,416,,
1480C2480,286,,
1480C2490,431,,
1480C2500,539,,
1480C2510,406,,
1480C2520,305,,
1480C2530,663,,
1480C2540,492,,
1480C2550,391,,
1480C2560,504,,
1480C2570,873,,
1480C2580,384,,
1480C2590,788,,
1480C2600,336,,
1480C2610,415,,
1480C2620,236,,
1480C2630,442,,
1480C2640,499,,
1480C2650,283,,
1480C2660,443,,
1480C2670,591,,
1480C2680,325,,
1480C2690,488,,
1480C2700,399,,
1480C2710,354,,
1480C2720,1033,,
1480C2730,475,,
1480C2740,401,,
1480C2750,329,,
1480C2760,327,,
1480C2770,528,,
1480C2780,421,,
1480C2790,319,,
1480C2800,339,,
1480C2810,337,,
1480C2820,471,,
1480C2830,404,,
1480C2840,601,,
1480C2850,559,,
1480C2860,652,,
1480C2870,335,,
1480C2880,315,,
1480C2890,730,,
1480C2900,311,,
1480C2910,511,,
1480C2920,351,,
1480C2930,310,,
1480C2940,312,,
1480C2950,721,,
1480C2960,381,,
1480C2970,624,,
1480C2980,765,,
1480C2990,750,,
1480C3000,421,,
1480C3010,617,,
1480C3020,413,,
1480C3030,556,,
1480C3040,691,,
1480C3050,344,,
1480C3060,413,,
1480C3070,152,,
1480C3080,507,,
1480C3090,352,,
1480C3100,664,,
1480C3110,1007,,
1480C3120,586,,
1480C3130,467,,
1480C3140,299,,
1480C3150,647,,
1480C3160,958,,
1480C3170,830,,
1480C3180,876,,
1480C3190,616,,
1480C3200,621,,
1480C3210,660,,
1480C3220,869,,
1480C3230,548,,
1480C3240,874,,
1480C3250,780,,
1480C3260,852,,
1480C3270,518,,
1480C3280,467,,
1480C3290,490,,
1480C3300,508,,
1480C3310,592,,
1480C3320,479,,
1480C3330,651,,
1480C3340,1017,,
1480C3350,401,,
1480C3360,1048,,
1480C3370,404,,
1480C3380,384,,
1480C3390,511,,
1480C3400,559,,
1480C3410,344,,
1480C3420,777,,
1480C3430,453,,
1480C3440,451,,
1480C3450,841,,
1480C3460,671,,
1480C3470,718,,
1480C3480,577,,
1480C3490,590,,
1480C3500,267,,
1480C3510,237,,
1480C3520,917,,
1480C3530,253,,
1480C3540,509,,
1480C3550,549,,
1480C3560,564,,
1480C3570,487,,
1480C3580,380,,
1480C3590,1069,,
1480C3600,366,,
1480C3610,488,,
1480C3620,899,,
1480C3630,902,,
1480C3640,239,,
1480C3650,434,,
1480C3660,369,,
1480C3670,266,,
1480C3680,477,,
1480C3690,332,,
1480C3700,156,,
1480C3710,342,,
1480C3720,1125,,
1480C3730,265,,
1480C3740,1316,,
1480C3750,304,,
1480C3760,285,,
1480C3770,439,,
1480C3780,608,,
1480C3790,422,,
1480C3800,1259,,
1480C3810,704,,
1480C3820,705,,
1480C3830,569,,
1480C3840,613,,
1480C3850,571,,
1480C3860,497,,
1480C3870,332,,
1480C3880,620,,
1480C3890,664,,
1480C3900,614,,
1480C3910,808,,
1480C3920,804,,
1480C3930,408,,
1480C3940,342,,
1480C3950,299,,
1480C3960,439,,
1480C3970,427,,
1480C3980,824,,
1480C3990,303,,
1480C4000,294,,
1481A0010,1208,,
1481C1010,674,,
1481C1020,764,,
1481C1030,840,,
1481C1040,580,,
1481C1050,725,,
1481C1060,693,,
1481C1070,634,,
1481C1080,628,,
1481C1090,730,,
1481C1100,859,,
1481C1110,823,,
1481C1120,576,,
1481C1130,616,,
1481C1140,792,,
1481C1150,476,,
1481C1160,630,,
1481C1170,554,,
1481C1180,533,,
1481C1190,411,,
1481C1200,1078,,
1481C1210,651,,
1481C1220,505,,
1481C1230,523,,
1481C1240,564,,
1481C1250,446,,
1481C1260,576,,
1481C1270,630,,
1481C1280,592,,
1481C1290,594,,
1481C1300,589,,
1481C1310,554,,
1481C1320,396,,
1481C1330,740,,
1481C1340,917,,
1481C1350,544,,
1481C1360,825,,
1481C1370,587,,
1481C1380,563,,
1481C1390,614,,
1481C1400,481,,
1482A0010,698,,
1482A0020,1157,,
1482A0030,1352,,
1482A0040,986,,
1482A0050,623,,
1482A0060,630,,
1482A0070,585,,
1482A0080,974,,
1482B2010,847,,
1482B2020,562,,
1482B2030,849,,
1482B2040,500,,
1482B3010,819,,
1482B4010,633,,
1482C1010,1205,,
1482C1020,814,,
1482C1030,754,,
1482C1040,793,,
1482C1050,594,,
1482C1060,567,,
1482C1070,373,,
1482C1080,626,,
1482C1090,643,,
1482C1100,496,,
1482C1110,785,,
1482C1120,553,,
1482C1130,997,,
1482C1140,860,,
1482C1150,937,,
1482C1160,1213,,
1484A0010,785,,
1484A0020,728,,
1484A0030,1144,,
1484B2010,1402,,
1484C1010,643,,
1484C1020,783,,
1484C1030,412,,
1484C1040,582,,
1484C1050,781,,
1485A0010,1735,,
1485A0020,747,,
1485A0030,1001,,
1485A0040,1132,,
1485A0050,626,,
1485A0060,1123,,
1485A0070,1078,,
1485B2010,633,,
1485B2020,539,,
1485B2030,1224,,
1485C1010,857,,
1485C1020,849,,
1485C1030,963,,
1485C1040,979,,
1485C1050,808,,
1485C1060,648,,
1485C1070,729,,
1485C1080,734,,
1485C1090,838,,
1485C1100,632,,
1485C1110,514,,
1485C1120,601,,
1485C1130,944,,
1485C1140,666,,
1485C1150,745,,
1485C1160,547,,
1485C1170,757,,
1485C1180,788,,
1485C1190,662,,
1485C1200,705,,
1485C1210,881,,
1485C1220,442,,
1485C1230,586,,
1485C1240,355,,
1486A0010,959,,
1486A0020,1398,,
1486A0030,634,,
1486C1010,569,,
1486C1020,877,,
1486C1030,1025,,
1486C1040,1056,,
1487A0010,1167,,
1487A0020,526,,
1487A0030,1221,,
1487A0040,1053,,
1487A0050,1451,,
1487B2010,800,,
1487C1010,668,,
1487C1020,923,,
1487C1030,810,,
1487C1040,825,,
1487C1050,780,,
1487C1060,734,,
1487C1070,511,,
1487C1080,872,,
1487C1090,415,,
1487C1100,838,,
1487C1110,354,,
1487C1120,1274,,
1487C1130,400,,
1487C1140,633,,
1487C1150,948,,
1487C1160,496,,
1487C1170,580,,
1487C1180,996,,
1487C1190,750,,
1488A0010,780,,
1488A0020,556,,
1488A0030,1376,,
1488A0040,1423,,
1488B2010,1317,,
1488C1010,1010,,
1488C1020,808,,
1488C1030,480,,
1488C1040,1092,,
1488C1050,543,,
1488C1060,567,,
1488C1070,129,,
1488C1080,1096,,
1488C1090,294,,
1488C1100,413,,
1488C1110,771,,
1488C1120,947,,
1488C1130,794,,
1488C1140,981,,
1488C1150,461,,
1488C1160,595,,
1488C1170,611,,
1488C1180,977,,
1488C1190,727,,
1488C1200,1062,,
1488C1210,833,,
1488C1220,564,,
1488C1230,1213,,
1488C1240,731,,
1488C1250,716,,
1488C1260,890,,
1488C1270,1141,,
1489A0010,1094,,
1489A0020,786,,
1489A0030,685,,
1489A0040,908,,
1489A0050,1476,,
1489B2010,1306,,
1489B2020,887,,
1489B3010,839,,
1489C1010,931,,
1489C1020,1083,,
1489C1030,677,,
1489C1040,885,,
1489C1050,846,,
1489C1060,700,,
1489C1070,946,,
1489C1080,733,,
1489C1090,597,,
1489C1100,623,,
1489C1110,438,,
1489C1120,580,,
1489C1130,575,,
1489C1140,821,,
1489C1150,734,,
1490A0010,550,,
1490A0020,778,,
1490A0030,949,,
1490A0040,695,,
1490A0050,553,,
1490A0060,802,,
1490A0070,1284,,
1490A0080,787,,
1490A0090,554,,
1490A0100,876,,
1490B2010,598,,
1490B2020,525,,
1490B2030,789,,
1490B2040,811,,
1490B3010,799,,
1490B3020,771,,
1490B3030,418,,
1490B4010,520,,
1490B4020,896,,
1490C1010,1091,,
1490C1020,355,,
1490C1030,649,,
1490C1040,766,,
1490C1050,787,,
1490C1060,435,,
1490C1070,590,,
1490C1080,488,,
1490C1090,461,,
1490C1100,598,,
1490C1110,546,,
1490C1120,913,,
1490C1130,648,,
1490C1140,778,,
1490C1150,1176,,
1490C1160,605,,
1490C1170,1087,,
1490C1180,528,,
1490C1190,607,,
1490C1200,544,,
1490C1210,401,,
1490C1220,411,,
1490C1230,799,,
1490C1240,479,,
1490C1250,427,,
1490C1260,685,,
1490C1270,515,,
1490C1280,433,,
1490C1290,416,,
1490C1300,468,,
1490C1310,751,,
1490C1320,522,,
1490C1330,336,,
1490C1340,286,,
1490C1350,451,,
1490C1360,437,,
1490C1370,397,,
1490C1380,377,,
1490C1390,497,,
1490C1400,863,,
1490C1410,703,,
1490C1420,718,,
1490C1430,748,,
1490C1440,793,,
1490C1450,1038,,
1490C1460,599,,
1490C1470,289,,
1490C1480,371,,
1490C1490,388,,
1490C1500,675,,
1490C1510,360,,
1490C1520,718,,
1490C1530,922,,
1490C1540,902,,
1490C1550,539,,
1490C1560,611,,
1490C1570,893,,
1490C1580,544,,
1491A0010,1484,,
1491A0020,1488,,
1491A0030,915,,
1491A0040,1543,,
1491A0050,1326,,
1491A0060,574,,
1491B2010,695,,
1491C1010,806,,
1491C1020,960,,
1491C1030,799,,
1491C1040,814,,
1491C1050,805,,
1491C1060,726,,
1491C1070,695,,
1492A0010,1261,,
1492A0020,657,,
1492C1010,871,,
1492C1020,847,,
1492C1030,770,,
1492C1040,981,,
1492C1050,855,,
1493A0010,1301,,
1493A0020,1056,,
1493A0030,1206,,
1493A0040,972,,
1493C1010,532,,
1493C1020,718,,
1493C1030,667,,
1493C1040,594,,
1493C1050,1136,,
1493C1060,827,,
1493C1070,795,,
1493C1080,1129,,
1493C1090,583,,
1493C1100,1050,,
1493C1110,807,,
1494A0010,781,,
1494A0020,1378,,
1494A0030,1059,,
1494A0040,636,,
1494A0050,1315,,
1494A0060,832,,
1494A0070,1130,,
1494B2010,663,,
1494C1010,957,,
1494C1020,815,,
1494C1030,872,,
1494C1040,732,,
1494C1050,928,,
1494C1060,778,,
1494C1070,714,,
1494C1080,831,,
1494C1090,837,,
1494C1100,941,,
1494C1110,811,,
1494C1120,862,,
1494C1130,734,,
1494C1140,882,,
1494C1150,1414,,
1495A0010,1058,,
1495A0020,1312,,
1495A0030,1328,,
1495B2010,656,,
1495C1010,609,,
1495C1020,757,,
1495C1030,618,,
1495C1040,557,,
1495C1050,696,,
1495C1060,804,,
1495C1070,1257,,
1496A0010,1068,,
1496A0020,779,,
1496A0030,1332,,
1496A0040,825,,
1496A0050,933,,
1496A0060,1429,,
1496A0070,771,,
1496B2010,824,,
1496B3010,618,,
1496C1010,974,,
1496C1020,1030,,
1496C1030,969,,
1496C1040,644,,
1496C1050,967,,
1496C1060,922,,
1496C1070,920,,
1496C1080,719,,
1496C1090,765,,
1496C1100,1097,,
1496C1110,460,,
1496C1120,754,,
1496C1130,634,,
1496C1140,686,,
1496C1150,807,,
1496C1160,1048,,
1496C1170,1219,,
1496C1180,1365,,
1496C1190,491,,
1496C1200,608,,
1496C1210,867,,
1496C1220,881,,
1497A0010,1235,,
1497A0020,618,,
1497C1010,987,,
1497C1020,808,,
1497C1030,705,,
1497C1040,817,,
1498A0010,1248,,
1498A0020,1225,,
1498A0030,588,,
1498C1010,831,,
1498C1020,975,,
1498C1030,636,,
1498C1040,892,,
1498C1050,889,,
1499A0010,1108,,
1499A0020,1573,,
1499A0030,806,,
1499A0040,780,,
1499A0050,1129,,
1499A0060,1080,,
1499A0070,546,,
1499B2010,1037,,
1499B3010,808,,
1499B4010,601,,
1499C1010,1264,,
1499C1020,731,,
1499C1030,1020,,
1499C1040,799,,
1499C1050,651,,
1499C1060,1074,,
1499C1070,910,,
1499C1080,1025,,
1499C1090,337,,
1715A0010,620,,
1715A0020,658,,
1715A0030,1109,,
1715C1010,1112,,
1715C1020,1035,,
1715C1030,1188,,
1715C1040,1008,,
1730A0010,983,,
1730A0020,785,,
1730A0030,1248,,
1730B2010,753,,
1730C1010,1161,,
1737A0010,670,,
1737A0020,745,,
1737A0030,1212,,
1737A0040,1033,,
1737A0050,659,,
1737C1010,992,,
1737C1020,749,,
1737C1030,1176,,
1760A0010,1270,,
1760C1010,1079,,
1761A0010,800,,
1761C1010,1067,,
1761C1020,960,,
1761C1030,866,,
1761C1040,797,,
1761C1050,783,,
1761C1060,942,,
1761C1070,1023,,
1761C1080,1021,,
1762A0010,460,,
1762C1010,695,,
1762C1020,995,,
1763A0010,1185,,
1763B2010,957,,
1763B2020,629,,
1763C1010,1195,,
1763C1020,1422,,
1763C1030,988,,
1764A0010,747,,
1764A0020,1229,,
1764C1010,576,,
1764C1020,838,,
1764C1030,483,,
1764C1040,683,,
1764C1050,592,,
1765A0010,701,,
1765A0020,942,,
1765A0030,1023,,
1765A0040,899,,
1765B2010,688,,
1765C1010,611,,
1765C1020,422,,
1765C1030,695,,
1766A0010,1243,,
1766A0020,610,,
1766A0030,1390,,
1766A0040,847,,
1766A0050,707,,
1766A0060,857,,
1766C1010,820,,
1766C1020,600,,
1766C1030,620,,
1766C1040,576,,
1780A0010,727,,
1780A0020,1260,,
1780A0030,835,,
1780A0040,909,,
1780A0050,644,,
1780A0060,1151,,
1780B2010,677,,
1780B2020,1040,,
1780B3010,1096,,
1780B4010,600,,
1780C1010,1030,,
1780C1020,687,,
1780C1030,941,,
1780C1040,1865,,
1780C1050,739,,
1780C1060,681,,
1780C1070,865,,
1780C1080,680,,
1780C1090,654,,
1780C1100,634,,
1780C1110,677,,
1780C1120,528,,
1780C1130,668,,
1780C1140,528,,
1780C1150,705,,
1780C1160,591,,
1780C1170,977,,
1780C1180,603,,
1780C1190,1008,,
1780C1200,816,,
1780C1210,821,,
1780C1220,731,,
1780C1230,684,,
1780C1240,854,,
1780C1250,557,,
1780C1260,610,,
1780C1270,682,,
1780C1280,534,,
1780C1290,722,,
1780C1300,323,,
1780C1310,743,,
1780C1320,612,,
1780C1330,445,,
1780C1340,725,,
1780C1350,648,,
1780C1360,940,,
1780C1370,588,,
1780C1380,1012,,
1780C1390,1068,,
1780C1400,1208,,
1780C1410,568,,
1780C1420,1207,,
1780C1430,520,,
1781A0010,1262,,
1781A0020,704,,
1781A0030,888,,
1781B2010,598,,
1781C1010,924,,
1781C1020,892,,
1781C1030,531,,
1781C1040,475,,
1781C1050,804,,
1781C1060,487,,
1781C1070,687,,
1781C1080,529,,
1781C1090,882,,
1781C1100,841,,
1781C1110,929,,
1781C1120,734,,
1782A0010,572,,
1782A0020,871,,
1782A0030,659,,
1782B2010,441,,
1782C1010,854,,
1782C1020,661,,
1782C1030,832,,
1782C1040,537,,
1783A0010,743,,
1783A0020,897,,
1783A0030,630,,
1783A0040,834,,
1783B2010,676,,
1783B3010,593,,
1783C1010,948,,
1783C1020,1027,,
1783C1030,533,,
1784A0010,599,,
1784A0020,920,,
1784A0030,849,,
1784A0040,942,,
1784A0050,1157,,
1784A0060,1689,,
1784A0070,1307,,
1784C1010,593,,
1784C1020,1019,,
1784C1030,776,,
1784C1040,689,,
1784C1050,645,,
1784C1060,678,,
1784C1070,904,,
1784C1080,745,,
1784C1090,928,,
1785A0010,665,,
1785A0020,962,,
1785A0030,916,,
1785A0040,656,,
1785A0050,846,,
1785C1010,613,,
1785C1020,1106,,
1785C1030,743,,
1785C1040,1087,,
1785C1050,924,,
1814A0010,960,,
1814A0020,653,,
1814A0030,958,,
1814B2010,891,,
1814C1010,948,,
1814C1020,440,,
1860A0010,947,,
1860A0020,692,,
1860C1010,839,,
1860C1020,750,,
1861A0010,1132,,
1861A0020,1182,,
1861A0030,1006,,
1861B2010,847,,
1861B3010,641,,
1861C1010,715,,
1861C1020,815,,
1861C1030,684,,
1861C1040,763,,
1861C1050,904,,
1862A0010,578,,
1862A0020,947,,
1862C1010,602,,
1862C1020,613,,
1862C1030,764,,
1862C1040,498,,
1862C1050,1230,,
1863A0010,836,,
1863A0020,611,,
1863C1010,818,,
1863C1020,641,,
1863C1030,483,,
1864A0010,1109,,
1864C1010,804,,
1864C1020,619,,
1880A0010,654,,
1880A0020,598,,
1880A0030,644,,
1880A0040,1008,,
1880A0050,698,,
1880A0060,1468,,
1880A0070,720,,
1880A0080,407,,
1880A0090,522,,
1880A0100,541,,
1880A0110,1194,,
1880A0120,1083,,
1880A0130,824,,
1880A0140,709,,
1880B2010,1275,,
1880B3010,918,,
1880B4010,873,,
1880B5010,664,,
1880C1010,763,,
1880C1020,565,,
1880C1030,813,,
1880C1040,933,,
1880C1050,478,,
1880C1060,680,,
1880C1070,1048,,
1880C1080,407,,
1880C1090,597,,
1880C1100,798,,
1880C1110,1190,,
1880C1120,389,,
1880C1130,1028,,
1880C1140,1826,,
1880C1150,536,,
1880C1160,501,,
1880C1170,755,,
1880C1180,887,,
1880C1190,489,,
1880C1200,847,,
1880C1210,596,,
1880C1220,580,,
1880C1230,634,,
1880C1240,419,,
1880C1250,808,,
1880C1260,547,,
1880C1270,1327,,
1880C1280,661,,
1880C1290,684,,
1880C1300,637,,
1880C1310,545,,
1880C1320,847,,
1880C1330,671,,
1880C1340,682,,
1880C1350,497,,
1880C1360,597,,
1880C1370,495,,
1880C1380,618,,
1880C1390,546,,
1880C1400,396,,
1880C1410,945,,
1880C1420,518,,
1880C1430,1117,,
1880C1440,643,,
1880C1450,291,,
1880C1460,475,,
1880C1470,454,,
1880C1480,579,,
1880C1490,344,,
1880C1500,605,,
1880C1510,494,,
1880C1520,788,,
1880C1530,459,,
1880C1540,530,,
1880C1550,487,,
1880C1560,907,,
1880C1570,283,,
1880C1580,1092,,
1880C1590,382,,
1880C1600,194,,
1880C1610,1083,,
1880C1620,1069,,
1880C1630,429,,
1880C1640,679,,
1880C1650,689,,
1880C1660,807,,
1880C1670,930,,
1880C1680,706,,
1880C1690,542,,
1881A0010,1412,,
1881A0020,964,,
1881C1010,1213,,
1881C1020,1156,,
1881C1030,1003,,
1881C1040,1044,,
1881C1050,733,,
1881C1060,1069,,
1881C1070,1056,,
1881C1080,620,,
1881C1090,1162,,
1882A0010,1009,,
1882A0020,1056,,
1882A0030,982,,
1882A0040,844,,
1882B2010,857,,
1882C1010,705,,
1882C1020,647,,
1882C1030,773,,
1883A0030,1471,,
1883C1010,764,,
1883C1020,974,,
1883C1030,900,,
1883C1040,922,,
1883C1050,604,,
1883C1060,871,,
1883C1070,664,,
1883C1080,1000,,
1883C1090,782,,
1883C1100,1139,,
1883C1110,1262,,
1883C1120,791,,
1883C1130,867,,
1883C1140,773,,
1883C1150,1492,,
1884A0010,705,,
1884A0020,1055,,
1884C1010,692,,
1884C1020,707,,
1884C1030,859,,
1884C1040,857,,
1884C1050,776,,
1885A0010,647,,
1885A0020,847,,
1885A0030,855,,
1885A0040,702,,
1885A0050,875,,
1885A0060,914,,
1885B2010,605,,
1885B2020,745,,
1885B3010,570,,
1885B3020,524,,
1885B4010,784,,
1885C1010,1094,,
1885C1020,788,,
1885C1030,1075,,
1885C1040,893,,
1885C1050,702,,
1904A0010,1394,,
1904C1010,1083,,
1907A0010,653,,
1907B2010,780,,
1907B3010,723,,
1907C1010,889,,
1907C1020,551,,
1907C1030,858,,
1907C1040,958,,
1960A0010,692,,
1960A0020,929,,
1960C1010,1280,,
1960C1020,847,,
1960C1030,1020,,
1961A0010,892,,
1961A0020,794,,
1961C1010,640,,
1961C1020,739,,
1961C1030,990,,
1961C1040,1016,,
1961C1050,1230,,
1961C1060,1023,,
1961C1070,1281,,
1962A0010,671,,
1962C1010,1079,,
1962C1020,712,,
1962C1030,544,,
1980A0010,960,,
1980A0020,1394,,
1980A0030,1620,,
1980A0040,1038,,
1980A0050,1337,,
1980A0060,1758,,
1980B2010,552,,
1980B2020,816,,
1980B3010,727,,
1980B3020,843,,
1980B4010,789,,
1980B5010,596,,
1980C1010,883,,
1980C1020,587,,
1980C1030,704,,
1980C1040,877,,
1980C1050,1084,,
1980C1060,900,,
1980C1070,563,,
1980C1080,783,,
1980C1090,424,,
1980C1100,583,,
1980C1110,1048,,
1980C1120,823,,
1980C1130,754,,
1980C1140,1003,,
1980C1150,1812,,
1980C1160,675,,
1980C1170,583,,
1980C1180,673,,
1980C1190,771,,
1980C1200,608,,
1980C1210,728,,
1980C1220,766,,
1980C1230,585,,
1980C1240,790,,
1980C1250,747,,
1980C1260,474,,
1980C1270,774,,
1980C1280,854,,
1980C1290,430,,
1980C1300,972,,
1980C1310,818,,
1980C1320,517,,
1980C1330,770,,
1980C1340,459,,
1980C1350,457,,
1980C1360,548,,
1980C1370,501,,
1980C1380,800,,
1980C1390,613,,
1980C1400,481,,
1980C1410,761,,
1980C1420,609,,
1980C1430,638,,
1980C1440,679,,
1980C1450,646,,
1980C1460,1004,,
1980C1470,398,,
1980C1480,974,,
1980C1490,628,,
1980C1500,743,,
1980C1510,611,,
1980C1520,787,,
1980C1530,585,,
1980C1540,781,,
1980C1550,724,,
1980C1560,698,,
1980C1570,714,,
1980C1580,738,,
1980C1590,690,,
1980C1600,1101,,
1980C1610,725,,
1980C1620,747,,
1980C1630,803,,
1980C1640,770,,
1980C1650,925,,
1980C1660,898,,
1980C1670,837,,
1980C1680,788,,
1980C1690,891,,
1980C1700,943,,
1980C1710,638,,
1980C1720,1228,,
1981A0010,1304,,
1981A0020,1160,,
1981A0030,1153,,
1981A0040,1321,,
1981A0050,873,,
1981C1010,781,,
1981C1020,1290,,
1981C1030,663,,
1981C1040,876,,
1981C1050,878,,
1981C1060,724,,
1981C1070,893,,
1982A0010,798,,
1982C1010,800,,
1982C1020,1019,,
1982C1030,951,,
1982C1040,1153,,
1982C1050,898,,
1982C1060,762,,
1983A0010,1171,,
1983A0020,1249,,
1983A0030,785,,
1983B2010,674,,
1983B2020,677,,
1983C1010,755,,
1983C1020,815,,
1983C1030,635,,
1983C1040,386,,
1983C1050,806,,
1983C1060,905,,
1983C1070,706,,
1983C1080,1169,,
1983C1090,895,,
1983C1100,604,,
1983C1110,754,,
1984A0010,889,,
1984A0020,1006,,
1984C1010,1054,,
1984C1020,819,,
1984C1030,574,,
1984C1040,775,,
1984C1050,732,,
1984C1060,933,,
1984C1070,401,,
2021A0010,959,,
2021A0020,653,,
2021B2010,1401,,
2021C1010,1171,,
2023A0010,1130,,
2023A0020,1074,,
2023A0030,1229,,
2023C1010,1041,,
2023C1020,913,,
2023C1030,1107,,
2026A0010,1098,,
2026A0020,1152,,
2026B2010,1201,,
2026B3010,869,,
2026C1010,1215,,
2026C1020,889,,
2029A0010,1072,,
2029A0020,1137,,
2029B2010,1050,,
2029C1010,624,,
2029C1020,661,,
2029C1030,565,,
2029C1040,1459,,
2029C1050,1250,,
2029C1060,788,,
2029C1070,805,,
2031A0010,1952,,
2031A0020,710,,
2031C1010,1418,,
2031C1020,1030,,
2031C1030,976,,
2031C1040,931,,
2034A0010,852,,
2034C1010,946,,
2034C1020,847,,
2034C1030,995,,
2034C1040,554,,
2039A0010,1373,,
2039A0020,586,,
2039A0030,714,,
2039C1010,1398,,
2039C1020,543,,
2061A0010,1080,,
2061A0020,1082,,
2061A0030,628,,
2061B2010,629,,
2061C1010,806,,
2061C1020,617,,
2061C1030,516,,
2061C1040,1055,,
2062A0010,1127,,
2062A0020,706,,
2062A0030,1354,,
2062B2010,972,,
2062C1010,1288,,
2062C1020,1296,,
2062C1030,763,,
2062C1040,703,,
2062C1050,1119,,
2062C1060,920,,
2062C1070,817,,
2062C1080,1439,,
2080A0010,1156,,
2080A0020,1379,,
2080A0030,1085,,
2080A0040,882,,
2080A0050,1027,,
2080A0060,778,,
2080B2010,681,,
2080B2020,555,,
2080B3010,1128,,
2080B4010,1216,,
2080B5010,1079,,
2080C1010,672,,
2080C1020,786,,
2080C1030,1157,,
2080C1040,1200,,
2080C1050,666,,
2080C1060,901,,
2080C1070,837,,
2080C1080,769,,
2080C1090,536,,
2080C1100,907,,
2080C1110,568,,
2080C1120,844,,
2080C1130,717,,
2080C1140,525,,
2080C1150,436,,
2080C1160,503,,
2080C1170,506,,
2080C1180,717,,
2080C1190,701,,
2080C1200,760,,
2080C1210,649,,
2080C1220,618,,
2080C1230,511,,
2080C1240,590,,
2080C1250,602,,
2080C1260,1063,,
2081A0010,556,,
2081A0020,1789,,
2081A0030,1344,,
2081B2010,688,,
2081C1010,1115,,
2081C1020,899,,
2081C1030,1217,,
2081C1040,932,,
2081C1050,1032,,
2081C1060,1176,,
2081C1070,699,,
2081C1080,928,,
2081C1090,889,,
2081C1100,916,,
2081C1110,1097,,
2081C1120,657,,
2081C1130,743,,
2081C1140,458,,
2081C1150,697,,
2081C1160,904,,
2081C1170,935,,
2081C1180,754,,
2081C1190,957,,
2081C1200,952,,
2081C1210,1287,,
2081C1220,1175,,
2081C1230,824,,
2082A0010,933,,
2082A0020,591,,
2082A0030,1522,,
2082B2010,517,,
2082B2020,652,,
2082C1010,878,,
2082C1020,749,,
2082C1030,891,,
2083A0010,720,,
2083A0020,688,,
2083A0030,543,,
2083A0040,972,,
2083A0050,1104,,
2083B2010,897,,
2083C1010,1017,,
2083C1020,1025,,
2083C1030,1012,,
2083C1040,923,,
2084A0010,974,,
2084A0020,1375,,
2084A0030,919,,
2084B2010,603,,
2084C1010,541,,
2084C1020,531,,
2084C1030,1302,,
2084C1040,921,,
2084C1050,1000,,
2084C1060,1217,,
2084C1070,856,,
2084C1080,839,,
2084C1090,1477,,
2085A0010,806,,
2085A0020,447,,
2085A0030,777,,
2085A0040,1512,,
2085B2010,816,,
2085B2020,597,,
2085B2030,535,,
2085B3010,507,,
2085B3020,710,,
2085C1010,956,,
2085C1020,979,,
2085C1030,793,,
2085C1040,687,,
2085C1050,640,,
2085C1060,667,,
2085C1070,528,,
2085C1080,543,,
2085C1090,978,,
2101A0010,562,,
2101A0020,1253,,
2101C1010,733,,
2101C1020,706,,
2104A0010,1239,,
2104A0020,752,,
2104C1010,1147,,
2104C1020,1031,,
2104C1030,1110,,
2121A0010,1116,,
2121A0020,1475,,
2121B2010,801,,
2121B2020,677,,
2121C1010,1176,,
2121C1020,460,,
2121C1030,833,,
2132A0010,1140,,
2132A0020,1085,,
2132A0030,622,,
2132A0040,627,,
2132A0050,846,,
2132B2010,702,,
2132C1010,658,,
2161A0010,1001,,
2161A0020,652,,
2161A0030,1106,,
2161A0040,617,,
2161A0050,1063,,
2161B2010,841,,
2161B3010,870,,
2161C1010,567,,
2161C1020,906,,
2161C1030,617,,
2161C1040,594,,
2161C1050,769,,
2161C1060,607,,
2180A0010,804,,
2180A0020,1193,,
2180A0030,1309,,
2180A0040,594,,
2180B2010,997,,
2180B3010,852,,
2180B4010,613,,
2180B5010,460,,
2180C1010,958,,
2180C1020,1085,,
2180C1030,772,,
2180C1040,574,,
2180C1050,1037,,
2180C1060,940,,
2180C1070,987,,
2180C1080,393,,
2180C1090,665,,
2180C1100,707,,
2180C1110,888,,
2180C1120,442,,
2180C1130,663,,
2180C1140,731,,
2180C1150,825,,
2180C1160,702,,
2180C1170,917,,
2180C1180,750,,
2180C1190,725,,
2180C1200,822,,
2180C1210,1125,,
2180C1220,710,,
2180C1230,793,,
2180C1240,797,,
2180C1250,765,,
2180C1260,743,,
2180C1270,459,,
2180C1280,669,,
2180C1290,416,,
2180C1300,701,,
2180C1310,762,,
2180C1320,1185,,
2180C1330,643,,
2180C1340,399,,
2180C1350,900,,
2180C1360,932,,
2180C1370,594,,
2180C1380,791,,
2180C1390,469,,
2180C1400,954,,
2180C1410,941,,
2180C1420,1121,,
2180C1430,1298,,
2180C1440,1044,,
2180C1450,1056,,
2180C1460,967,,
2181A0010,774,,
2181A0020,890,,
2181A0030,645,,
2181A0040,1341,,
2181A0050,1069,,
2181B2010,547,,
2181B2020,926,,
2181B2030,699,,
2181B3010,1216,,
2181B4010,700,,
2181C1010,1481,,
2181C1020,966,,
2181C1030,649,,
2181C1040,1100,,
2181C1050,272,,
2181C1060,744,,
2181C1070,364,,
2181C1080,509,,
2181C1090,1135,,
2181C1100,976,,
2181C1110,465,,
2181C1120,460,,
2181C1130,997,,
2181C1140,367,,
2181C1150,1191,,
2182A0010,912,,
2182A0020,1023,,
2182A0030,1737,,
2182B2010,572,,
2182B2020,784,,
2182B3010,857,,
2182B4010,719,,
2182C1010,1091,,
2182C1020,820,,
2182C1030,749,,
2182C1040,818,,
2182C1050,767,,
2182C1060,360,,
2182C1070,884,,
2182C1080,488,,
2182C1090,594,,
2183A0010,596,,
2183A0020,1211,,
2183A0030,620,,
2183A0040,1196,,
2183A0050,793,,
2183A0060,1225,,
2183B2010,457,,
2183B2020,653,,
2183B3010,863,,
2183C1010,981,,
2183C1020,708,,
2183C1030,738,,
2183C1040,653,,
2183C1050,756,,
2183C1060,794,,
2183C1070,844,,
2183C1080,908,,
2184A0010,1208,,
2184A0020,576,,
2184A0030,811,,
2184A0040,1293,,
2184A0050,1243,,
2184A0060,662,,
2184A0070,1540,,
2184B2010,511,,
2184B2020,617,,
2184B2030,1142,,
2184B3010,591,,
2184B3020,741,,
2184B4010,919,,
2184B5010,650,,
2184C1010,522,,
2184C1020,858,,
2184C1030,746,,
2184C1040,573,,
2184C1050,1158,,
2184C1060,787,,
2184C1070,795,,
2184C1080,818,,
2184C1090,663,,
2184C1100,950,,
2260A0010,1170,,
2260A0020,796,,
2260A0030,793,,
2260B2010,477,,
2260B2020,765,,
2260C1010,637,,
2260C1020,723,,
2262A0010,1230,,
2262A0020,616,,
2262B2010,1318,,
2262C1010,1019,,
2262C1020,1031,,
2262C1030,783,,
2262C1040,1117,,
2262C1050,1376,,
2262C1060,1226,,
2280A0010,997,,
2280A0020,694,,
2280A0030,801,,
2280A0040,797,,
2280B2010,593,,
2280C1010,572,,
2280C1020,849,,
2280C1030,576,,
2280C1040,721,,
2280C1050,621,,
2280C1060,387,,
2280C1070,551,,
2280C1080,811,,
2280C1090,642,,
2280C1100,728,,
2280C1110,798,,
2280C1120,772,,
2281A0010,1431,,
2281A0020,1199,,
2281A0030,764,,
2281A0040,952,,
2281A0050,817,,
2281A0060,888,,
2281A0070,953,,
2281A0080,1020,,
2281A0090,721,,
2281B2010,693,,
2281B2020,939,,
2281B2030,931,,
2281B2040,756,,
2281B2050,451,,
2281B2060,549,,
2281B2070,529,,
2281B2080,914,,
2281B3010,369,,
2281B3020,900,,
2281B3030,786,,
2281B3040,585,,
2281B4010,744,,
2281C1010,1079,,
2281C1020,954,,
2281C1030,932,,
2281C1040,914,,
2281C1050,822,,
2281C1060,761,,
2281C1070,659,,
2281C1080,637,,
2281C1090,487,,
2281C1100,914,,
2281C1110,511,,
2281C1120,536,,
2281C1130,1072,,
2281C1140,641,,
2281C1150,543,,
2281C1160,897,,
2281C1170,907,,
2281C1180,643,,
2281C1190,585,,
2281C1200,624,,
2281C1210,829,,
2281C1220,1020,,
2281C1230,779,,
2281C1240,782,,
2281C1250,585,,
2281C1260,668,,
2281C1270,756,,
2281C1280,927,,
2281C1290,897,,
2281C1300,1105,,
2281C1310,1319,,
2281C1320,1004,,
2281C1330,1010,,
2281C1340,594,,
2281C1350,1123,,
2281C1360,816,,
2282A0010,937,,
2282A0020,796,,
2282A0030,1019,,
2282A0040,1066,,
2282A0050,592,,
2282A0060,463,,
2282B2010,506,,
2282B2020,533,,
2282B3010,692,,
2282C1010,798,,
2282C1020,1009,,
2282C1030,822,,
2282C1040,513,,
2283A0010,703,,
2283A0020,557,,
2283A0030,529,,
2283A0040,746,,
2283A0050,822,,
2283A0060,661,,
2283A0070,819,,
2283A0080,732,,
2283B2010,854,,
2283C1010,688,,
2283C1020,575,,
2283C1030,686,,
2283C1040,793,,
2283C1050,813,,
2283C1060,569,,
2284A0010,1142,,
2284A0020,490,,
2284A0030,1157,,
2284A0040,729,,
2284A0050,947,,
2284A0060,939,,
2284A0070,767,,
2284A0080,599,,
2284A0090,715,,
2284A0100,1183,,
2284A0110,1119,,
2284B2010,724,,
2284B2020,1203,,
2284B3010,834,,
2284B4010,598,,
2284C1010,601,,
2284C1020,705,,
2284C1030,834,,
2284C1040,865,,
2284C1050,1177,,
2284C1060,1023,,
2284C1070,658,,
2284C1080,694,,
2284C1090,563,,
2284C1100,910,,
2284C1110,769,,
2284C1120,509,,
2284C1130,890,,
2284C1140,516,,
2284C1150,558,,
2284C1160,1056,,
2284C1170,575,,
2284C1180,669,,
2284C1190,758,,
2284C1200,851,,
2284C1210,712,,
2284C1220,766,,
2303A0010,729,,
2303A0020,815,,
2303A0030,1088,,
2303C1010,578,,
2305A0010,678,,
2305A0020,707,,
2305A0030,806,,
2305A0040,768,,
2305C1010,660,,
2309A0010,893,,
2309A0020,709,,
2309A0030,1111,,
2309A0040,1347,,
2309A0050,996,,
2309B2010,715,,
2309B2020,937,,
2309B3010,669,,
2309C1010,785,,
2309C1020,905,,
2313A0010,1142,,
2313A0020,1280,,
2313A0030,1208,,
2313A0040,449,,
2313B2010,599,,
2313C1010,867,,
2313C1020,619,,
2313C1030,569,,
2321A0010,761,,
2321A0020,1004,,
2321A0030,1111,,
2321A0040,780,,
2321B2010,1064,,
2321B2020,938,,
2321C1010,780,,
2326A0010,675,,
2326A0020,769,,
2326A0030,547,,
2326A0040,708,,
2326A0050,1134,,
2326C1010,470,,
2361A0010,941,,
2361A0020,664,,
2361A0030,1140,,
2361A0040,726,,
2361B2010,635,,
2361B3010,610,,
2361C1010,820,,
2361C1020,669,,
2380A0010,1556,,
2380A0020,1048,,
2380A0030,868,,
2380A0040,1634,,
2380A0050,812,,
2380B2010,587,,
2380C1010,948,,
2380C1020,634,,
2380C1030,826,,
2380C1040,1273,,
2380C1050,1106,,
2380C1060,1066,,
2380C1070,386,,
2380C1080,840,,
2380C1090,663,,
2380C1100,926,,
2380C1110,815,,
2380C1120,874,,
2380C1130,588,,
2380C1140,1053,,
2380C1150,678,,
2380C1160,624,,
2380C1170,617,,
2380C1180,1160,,
2380C1190,616,,
2380C1200,561,,
2380C1210,779,,
2380C1220,463,,
2380C1230,594,,
2380C1240,797,,
2380C1250,609,,
2380C1260,690,,
2380C1270,1019,,
2380C1280,657,,
2380C1290,1012,,
2380C1300,790,,
2380C1310,711,,
2401A0010,1029,,
2401A0020,941,,
2401B2010,805,,
2401C1010,379,,
2401C1020,915,,
2403A0010,909,,
2403C1010,462,,
2404A0010,779,,
2404A0020,994,,
2404C1010,1188,,
2409A0010,1137,,
2409A0020,837,,
2409A0030,976,,
2409C1010,870,,
2417A0010,1285,,
2417C1010,1047,,
2418A0010,727,,
2418C1010,543,,
2418C1020,484,,
2421A0010,1327,,
2421A0020,876,,
2421C1010,605,,
2421C1020,482,,
2422A0010,809,,
2422C1010,603,,
2425A0010,820,,
2425C1010,655,,
2460A0010,1620,,
2460C1010,932,,
2460C1020,525,,
2460C1030,670,,
2460C1040,1032,,
2462A0010,801,,
2462A0020,1355,,
2462C1010,500,,
2462C1020,889,,
2462C1030,319,,
2463A0010,630,,
2463C1010,965,,
2480A0010,1365,,
2480A0020,954,,
2480A0030,1087,,
2480A0040,1273,,
2480A0050,832,,
2480A0060,1453,,
2480A0070,1075,,
2480A0080,1507,,
2480A0090,824,,
2480B2010,1121,,
2480B2020,924,,
2480B2030,1084,,
2480B2040,874,,
2480B3010,765,,
2480B3020,717,,
2480B4010,597,,
2480B4020,714,,
2480B5010,683,,
2480C1010,749,,
2480C1020,786,,
2480C1030,924,,
2480C1040,1136,,
2480C1050,589,,
2480C1060,665,,
2480C1070,384,,
2480C1080,969,,
2480C1090,1063,,
2480C1100,979,,
2480C1110,280,,
2480C1120,357,,
2480C1130,788,,
2480C1140,814,,
2480C1150,649,,
2480C1160,306,,
2480C1170,917,,
2480C1180,596,,
2480C1190,643,,
2480C1200,376,,
2480C1210,599,,
2480C1220,604,,
2480C1230,403,,
2480C1240,297,,
2480C1250,566,,
2480C1260,838,,
2480C1270,447,,
2480C1280,974,,
2480C1290,603,,
2480C1300,811,,
2480C1310,820,,
2480C1320,671,,
2480C1330,637,,
2480C1340,478,,
2480C1350,564,,
2480C1360,562,,
2480C1370,612,,
2480C1380,852,,
2480C1390,415,,
2480C1400,810,,
2480C1410,578,,
2480C1420,481,,
2480C1430,525,,
2480C1440,900,,
2480C1450,851,,
2480C1460,701,,
2480C1470,508,,
2480C1480,441,,
2480C1490,856,,
2480C1500,926,,
2480C1510,770,,
2480C1520,768,,
2481A0010,566,,
2481A0020,1391,,
2481A0030,494,,
2481C1010,635,,
2481C1020,942,,
2481C1030,804,,
2481C1040,1055,,
2481C1050,810,,
2482A0010,550,,
2482A0020,620,,
2482A0030,800,,
2482A0040,833,,
2482A0050,1032,,
2482A0060,1031,,
2482A0070,750,,
2482A0080,943,,
2482A0090,960,,
2482A0100,1194,,
2482A0110,1025,,
2482A0120,746,,
2482B2010,512,,
2482B2020,695,,
2482B2030,491,,
2482B3010,577,,
2482B3020,733,,
2482B4010,828,,
2482B5010,758,,
2482B6010,774,,
2482C1010,725,,
2482C1020,877,,
2482C1030,724,,
2482C1040,653,,
2482C1050,686,,
2482C1060,1231,,
2482C1070,617,,
2482C1080,749,,
2482C1090,703,,
2482C1100,722,,
2482C1110,702,,
2482C1120,920,,
2482C1130,565,,
2482C1140,737,,
2482C1150,674,,
2482C1160,559,,
2482C1170,616,,
2482C1180,805,,
2482C1190,679,,
2482C1200,878,,
2482C1210,723,,
2482C1220,489,,
2482C1230,633,,
2482C1240,719,,
2482C1250,634,,
2482C1260,634,,
2482C1270,761,,
2482C1280,834,,
2482C1290,878,,
2482C1300,599,,
2505A0010,1155,,
2505C1010,661,,
2505C1020,847,,
2505C1030,689,,
2506A0010,669,,
2506C1010,926,,
2510A0010,551,,
2510A0020,717,,
2510C1010,530,,
2510C1020,840,,
2513A0010,1209,,
2513C1010,718,,
2514A0010,885,,
2514A0020,1006,,
2514A0030,664,,
2514A0040,906,,
2514B2010,582,,
2514C1010,616,,
2514C1020,659,,
2514C1030,979,,
2514C1040,798,,
2514C1050,836,,
2514C1060,950,,
2518A0010,501,,
2518A0020,535,,
2518A0030,455,,
2518C1010,855,,
2521A0010,449,,
2521A0020,522,,
2521A0030,512,,
2521A0040,992,,
2521C1010,1001,,
2523A0010,684,,
2523A0020,684,,
2523A0030,1235,,
2523B2010,803,,
2523C1010,1379,,
2523C1020,1007,,
2523C1030,901,,
2523C1040,1101,,
2523C1050,909,,
2523C1060,903,,
2523C1070,255,,
2523C1080,425,,
2560A0010,934,,
2560A0020,1046,,
2560C1010,698,,
2560C1020,871,,
2560C1030,1073,,
2580A0010,814,,
2580A0020,572,,
2580A0030,816,,
2580A0040,1191,,
2580A0050,980,,
2580A0060,1115,,
2580A0070,1004,,
2580A0080,1349,,
2580B2010,1061,,
2580B3010,522,,
2580B3020,470,,
2580C1010,806,,
2580C1020,643,,
2580C1030,1058,,
2580C1040,576,,
2580C1050,1002,,
2580C1060,718,,
2580C1070,815,,
2580C1080,709,,
2580C1090,639,,
2580C1100,500,,
2580C1110,755,,
2580C1120,964,,
2580C1130,567,,
2580C1140,652,,
2580C1150,751,,
2580C1160,757,,
2580C1170,680,,
2580C1180,1087,,
2580C1190,1221,,
2580C1200,736,,
2580C1210,823,,
2580C1220,720,,
2580C1230,711,,
2580C1240,616,,
2580C1250,654,,
2580C1260,618,,
2580C1270,506,,
2580C1280,915,,
2580C1290,1435,,
2580C1300,181,,
2580C1310,746,,
2580C1320,939,,
2580C1330,879,,
2580C1340,998,,
2580C1350,627,,
2581A0010,777,,
2581A0020,780,,
2581A0030,951,,
2581A0040,909,,
2581A0050,708,,
2581A0060,843,,
2581A0070,1213,,
2581B2010,522,,
2581B2020,578,,
2581B3010,1060,,
2581B4010,850,,
2581C1010,1221,,
2581C1020,819,,
2581C1030,614,,
2581C1040,686,,
2581C1050,850,,
2581C1060,784,,
2581C1070,741,,
2581C1080,636,,
2581C1090,1080,,
2581C1100,875,,
2581C1110,1035,,
2581C1120,849,,
2581C1130,1067,,
2581C1140,943,,
2581C1150,1025,,
2581C1160,590,,
2581C1170,913,,
2582A0010,1357,,
2582A0020,1210,,
2582A0030,764,,
2582B2010,1153,,
2582B2020,797,,
2582C1010,1107,,
2582C1020,618,,
2582C1030,598,,
2582C1040,914,,
2582C1050,579,,
2582C1060,614,,
2582C1070,480,,
2582C1080,1650,,
2582C1090,490,,
2582C1100,649,,
2582C1110,724,,
2582C1120,671,,
2582C1130,721,,
2583A0010,1342,,
2583A0020,559,,
2583C1010,446,,
2583C1020,684,,
2583C1030,947,,
2583C1040,961,,
2584A0010,827,,
2584A0020,931,,
2584A0030,648,,
2584A0040,684,,
2584C1010,903,,
2584C1020,1201,,
2584C1030,755,,
2584C1040,595,,
2584C1050,855,,
2584C1060,650,,
2584C1070,1231,,
2584C1090,1105,,
2584C1100,635,,
2584C1110,610,,
2584C1130,845,,