"","deso","regso","nodes","avg_dist","area_m2","Median income tkr","avg_dd_accessibility","pop","total_households","swedish","foreign","middle_school","gymnasium","post_gymnasium_less_than_3","post_gymnasium_more_than_3","education_missing","hyresrätt","bostadsrätt","äganderätt","bilar_i_trafik","cars_per_household"
"1","1480C3530","Bergsjön Rymdtorget",24,40.9476427843802,1341048.816028,192.1,593622.450727902,1484,626,0.0774932614555256,0.922506738544474,0.293764988009592,0.382494004796163,0.127098321342926,0.133093525179856,0.0635491606714628,1,0,0,253,0.404153354632588
"2","1480C3560","Bergsjön Rymdtorget",22,39.8235770317407,341580.002514779,222,0.225340107083793,3381,1029,0.116533569949719,0.883466430050281,0.286065070595457,0.370779619398404,0.131368937998772,0.14610190300798,0.0656844689993861,0.780925401322002,0.219074598677998,0,564,0.548104956268222
"3","1480C3390","Bergsjön sydöstra",54,38.8307693447553,615086.159693541,247.1,NA,2484,1128,0.152576489533011,0.847423510466989,0.193386053199137,0.375269590222861,0.137311286843997,0.206326383896477,0.087706685837527,0.905343511450382,0.00916030534351145,0.0854961832061069,511,0.453014184397163
"4","1480C3860","Rannebergen södra",27,37.2199295665177,426097.062112772,201.5,NA,2684,1143,0.202682563338301,0.797317436661699,0.324626865671642,0.414179104477612,0.0992537313432836,0.121641791044776,0.0402985074626866,1,0,0,497,0.434820647419073
"5","1480C3400","Bergsjön södra",33,30.8115637748122,1475271.16886578,226,NA,2880,988,0.0993055555555555,0.900694444444444,0.25494205862304,0.355146557600545,0.138377641445126,0.177914110429448,0.0736196319018405,0.884822389666308,0.0333692142088267,0.0818083961248654,559,0.565789473684211
"6","1480C4000","Lövgärdet",9,30.406208617108,520727.60842373,224,NA,1525,566,0.144262295081967,0.855737704918033,0.275418275418275,0.437580437580438,0.115830115830116,0.135135135135135,0.036036036036036,0.860714285714286,0.139285714285714,0,294,0.519434628975265
"7","1480C3580","Bergsjön centrala",13,30.3777463171097,198842.877691734,284.9,NA,1399,696,0.388134381701215,0.611865618298785,0.135555555555556,0.374444444444444,0.17,0.265555555555556,0.0544444444444444,0.547144754316069,0.452855245683931,0,380,0.545977011494253
"8","1480C3990","Lövgärdet",12,27.2480119214582,164594.620434295,210.3,NA,1706,664,0.121336459554513,0.878663540445487,0.284632034632035,0.4004329004329,0.108225108225108,0.147186147186147,0.0595238095238095,1,0,0,303,0.456325301204819
"9","1480C3600","Bergsjön nordvästra",41,25.8672505759346,1353712.82347888,232,2652.19934787165,2095,952,0.202863961813842,0.797136038186158,0.220890410958904,0.375856164383562,0.176369863013699,0.158390410958904,0.0684931506849315,1,0,0,366,0.384453781512605
"10","1480C3970","Lövgärdet",27,25.5684004690138,1844926.59484433,252.4,NA,1633,614,0.163502755664421,0.836497244335579,0.25765306122449,0.404336734693878,0.145408163265306,0.122448979591837,0.0701530612244898,0.742496050552923,0,0.257503949447077,427,0.695439739413681
"11","1480C3500","Bergsjön nordvästra",7,23.6525182732734,63818.8025303926,203.2,NA,1427,579,0.112824106517169,0.887175893482831,0.300932090545939,0.358189081225033,0.114513981358189,0.163781624500666,0.0625832223701731,1,0,0,267,0.461139896373057
"12","1480C3960","Lövgärdet",56,23.6134905405728,454476.387006003,238.6,NA,1962,714,0.179918450560652,0.820081549439348,0.221505376344086,0.412903225806452,0.149462365591398,0.158064516129032,0.0580645161290323,0.867007672634271,0.126598465473146,0.00639386189258312,439,0.61484593837535
"13","1480C3950","Lövgärdet",6,23.3956930435471,64244.3786800817,217.1,NA,1457,628,0.125600549073439,0.874399450926561,0.275816993464052,0.423529411764706,0.130718954248366,0.111111111111111,0.0588235294117647,1,0,0,299,0.476114649681529
"14","1480C3510","Bergsjön nordvästra",9,21.0383818723137,99106.387033016,201.1,NA,1694,603,0.103305785123967,0.896694214876033,0.355392156862745,0.386029411764706,0.0968137254901961,0.106617647058824,0.0551470588235294,1,0,0,237,0.393034825870647
"15","1480C3940","Gårdsten nordöstra",8,20.4534646414488,340173.473268344,254.6,NA,1536,542,0.091796875,0.908203125,0.162193698949825,0.446907817969662,0.126021003500583,0.161026837806301,0.103850641773629,1,0,0,342,0.6309963099631
"16","1480C3930","Gårdsten sydvästra",12,19.2301456622482,240917.130825639,274.7,NA,1738,682,0.0937859608745685,0.906214039125432,0.202944269190326,0.394321766561514,0.150368033648791,0.160883280757098,0.0914826498422713,0.780821917808219,0.219178082191781,0,408,0.598240469208211
"17","1480C3570","Kortedala nordöstra",40,17.5931087687148,458711.262542748,238.5,151342.762323661,2440,1112,0.341393442622951,0.658606557377049,0.217008797653959,0.393695014662757,0.146627565982405,0.202346041055718,0.0403225806451613,0.848990342405619,0.0632133450395083,0.0877963125548727,487,0.43794964028777
"18","1480C3830","Angered centrum-Agnesberg",111,16.5333308273937,1372917.11516831,259.2,NA,2301,874,0.191221208170361,0.808778791829639,0.1998199819982,0.405040504050405,0.153915391539154,0.1998199819982,0.0414041404140414,0.62719298245614,0.282894736842105,0.0899122807017544,569,0.651029748283753
"19","1480C3700","Eriksbo",7,16.3150755718296,153263.231992139,197.1,NA,922,339,0.149674620390456,0.850325379609544,0.3,0.412765957446808,0.129787234042553,0.108510638297872,0.048936170212766,1,0,0,156,0.460176991150442
"20","1480C3890","Gårdsten nordöstra",29,16.029243216712,558392.45441468,271.3,NA,2555,970,0.11545988258317,0.88454011741683,0.177793904208999,0.465166908563135,0.136429608127721,0.150943396226415,0.06966618287373,0.925925925925926,0,0.0740740740740741,664,0.684536082474227
"21","1480C2530","Kyrkbyn Bräcke",112,15.8682296263272,749883.982434183,358.2,5435.9180106703,1948,830,0.681211498973306,0.318788501026694,0.0662544169611307,0.34452296819788,0.189929328621908,0.380742049469965,0.0185512367491166,0.520043336944745,0.00541711809317443,0.47453954496208,663,0.798795180722892
"22","1480C2820","Södra Biskopsgården östra",15,15.4715174891351,231444.35568612,267.5,NA,2642,847,0.175624526873581,0.824375473126419,0.160383824537354,0.303632625085675,0.141877998629198,0.265935572309801,0.128169979437971,1,0,0,471,0.556080283353011
"23","1480C3900","Gårdsten sydvästra",20,14.3605088886525,412900.703990275,256.9,NA,2535,952,0.123076923076923,0.876923076923077,0.238390092879257,0.374613003095975,0.147832817337461,0.171052631578947,0.0681114551083591,0.718120805369127,0.216682646212848,0.0651965484180249,614,0.644957983193277
"24","1480C2970","Svartedalen östra",32,14.0445728684326,420267.625223975,329.4,NA,2662,1332,0.385424492862509,0.614575507137491,0.114250614250614,0.375921375921376,0.151105651105651,0.321867321867322,0.0368550368550369,0.882395382395382,0.115440115440115,0.00216450216450216,624,0.468468468468468
"25","1480C2630","Södra Biskopsgården västra",19,13.989586623521,158187.845081728,236.4,NA,2239,1273,0.224653863331845,0.775346136668155,0.192419825072886,0.377551020408163,0.161807580174927,0.206997084548105,0.0612244897959184,0.983751846381093,0.0162481536189069,0,442,0.347211311861744
"26","1480C1710","Hagen",76,13.6719574829977,1494251.44060845,420.2,NA,1986,905,0.868580060422961,0.131419939577039,0.0281543274244004,0.259645464025026,0.182481751824818,0.505735140771637,0.0239833159541189,0.544491525423729,0.226694915254237,0.228813559322034,672,0.742541436464088
"27","1480C3290","Backa Röd",22,13.1951107076621,186566.221439871,240.3,NA,2569,1144,0.252627481510315,0.747372518489685,0.18526031102096,0.388776200135227,0.171737660581474,0.214334009465855,0.0398918187964841,1,0,0,490,0.428321678321678
"28","1480C2900","Södra Biskopsgården östra",4,13.066285676738,475750.552888643,299.8,NA,1693,682,0.210868281157708,0.789131718842292,0.133460438512869,0.296472831267874,0.167778836987607,0.310772163965682,0.0915157292659676,1,0,0,311,0.456011730205279
"29","1480C3710","Hammarkullen yttre",18,12.9006543703142,545251.516174887,226.5,NA,1872,600,0.168803418803419,0.831196581196581,0.259132420091324,0.384703196347032,0.132420091324201,0.189497716894977,0.0342465753424658,0.841243862520458,0,0.158756137479542,342,0.57
"30","1480C3350","Backa centrala",46,12.8929640179831,686488.728016901,292.8,NA,1658,678,0.323884197828709,0.676115802171291,0.192439862542955,0.442153493699885,0.134020618556701,0.197021764032073,0.0343642611683849,0.887096774193548,0,0.112903225806452,401,0.591445427728614
"31","1480C1170","Kannebäck",35,12.15731413708,400639.220890709,318,2613.81729997704,1430,546,0.520979020979021,0.479020979020979,0.134640522875817,0.355555555555556,0.184313725490196,0.304575163398693,0.0209150326797386,0.597122302158273,0.00899280575539568,0.393884892086331,414,0.758241758241758
"32","1480C1550","Högsbohöjd norra",38,12.1011709974937,172367.972822607,343.8,NA,2555,1186,0.560469667318982,0.439530332681018,0.0707610146862483,0.281708945260347,0.184913217623498,0.429238985313752,0.0333778371161549,0.796511627906977,0.101744186046512,0.101744186046512,484,0.408094435075885
"33","1480C3610","Kortedala nordvästra",30,11.9309882285925,1021102.93585253,256,NA,2371,1058,0.331927456769296,0.668072543230704,0.167044595616024,0.419501133786848,0.141345427059713,0.232048374905518,0.0400604686318972,0.894230769230769,0,0.105769230769231,488,0.46124763705104
"34","1480C2390","Kyrkbyn Bräcke",55,11.6790254823938,530883.651753415,357.6,NA,1541,758,0.714471122647631,0.285528877352369,0.0747986191024166,0.371691599539701,0.187571921749137,0.344073647871116,0.0218642117376295,0.601036269430052,0.0660621761658031,0.332901554404145,493,0.650395778364116
"35","1480C2690","Kyrkbyn östra",48,11.6534856213187,291506.947159135,290.2,NA,1877,1177,0.551411827384124,0.448588172615876,0.120168067226891,0.42436974789916,0.154621848739496,0.280672268907563,0.0201680672268908,0.909539473684211,0.0904605263157895,0,488,0.414613423959218
"36","1480C3150","Slättadamm",15,11.1989957001228,702581.102859774,349.7,NA,2096,1310,0.675572519083969,0.324427480916031,0.0917562724014337,0.382078853046595,0.177777777777778,0.316845878136201,0.0315412186379928,0.511695906432749,0.488304093567251,0,647,0.493893129770992
"37","1480C3230","Gamlestaden Kviberg",43,11.1881560347514,1013886.46754204,270.1,3927.10585907681,2294,1306,0.451176983435048,0.548823016564952,0.119938884644767,0.374331550802139,0.200916730328495,0.288770053475936,0.0160427807486631,0.721664275466284,0.249641319942611,0.0286944045911047,548,0.419601837672282
"38","1480C3660","Eriksbo",30,10.9909937330453,227545.040120375,224.7,NA,1703,661,0.190252495596007,0.809747504403993,0.282285714285714,0.377142857142857,0.121142857142857,0.155428571428571,0.064,0.748159057437408,0.247422680412371,0.00441826215022091,369,0.558245083207262
"39","1480C1500","Högsbohöjd södra",17,10.725941038404,253582.709789876,308.3,7372.34145515893,2236,1118,0.683810375670841,0.316189624329159,0.0762295081967213,0.313934426229508,0.177049180327869,0.409016393442623,0.0237704918032787,0.944350758853288,0,0.0556492411467116,480,0.429338103756708
"40","1480C2450","Lunden östra-Härlanda",54,9.94446330783913,382174.901224921,410.5,NA,2627,1170,0.771602588503997,0.228397411496003,0.0382372002592353,0.243033052495139,0.162670123136747,0.530784186649384,0.0252754374594945,0.500825082508251,0.268976897689769,0.23019801980198,757,0.647008547008547
"41","1480C3020","Norra Biskopsgården",27,9.80131342576425,1362769.87222258,238.2,233192.283426669,2090,715,0.174162679425837,0.825837320574163,0.23712342079689,0.363459669582119,0.141885325558795,0.199222546161322,0.0583090379008746,0.719512195121951,0.24390243902439,0.0365853658536585,413,0.577622377622378
"42","1480C2670","Björkekärr Östra sjukhuset",17,9.61791570187319,258136.734857532,339.1,NA,2063,1046,0.727581192438197,0.272418807561803,0.0996503496503496,0.324300699300699,0.160839160839161,0.408216783216783,0.00699300699300699,0.627312775330396,0.331277533039648,0.0414096916299559,591,0.565009560229445
"43","1480C1210","Kannebäck",5,9.59040128659573,224172.827724509,289.1,NA,1830,879,0.433333333333333,0.566666666666667,0.146490335707019,0.384537131230926,0.180061037639878,0.260427263479145,0.0284842319430315,0.569285083848191,0.430714916151809,0,476,0.541524459613197
"44","1480C3870","Gårdsten nordöstra",17,9.45222045814794,346504.664455478,245.4,0.363124139362916,1417,529,0.0875088214537756,0.912491178546224,0.241514360313316,0.411227154046997,0.160574412532637,0.139686684073107,0.0469973890339426,0.877344877344877,0.0606060606060606,0.062049062049062,332,0.627599243856333
"45","1480C3210","Brunnsbo torg",126,9.0806852210678,977380.00500522,302,NA,2577,1063,0.400853705859527,0.599146294140473,0.110279101429544,0.353982300884956,0.123893805309735,0.330156569094622,0.0816882232811436,0.696396396396396,0.0189189189189189,0.284684684684685,660,0.620884289746002
"46","1480C3280","Gamlestaden västra",197,8.89083207505754,3872781.67021476,315.3,5193.33233492235,2044,1254,0.526418786692759,0.473581213307241,0.109658678286129,0.336964415395788,0.190268700072622,0.327523602033406,0.0355846042120552,0.675973548861131,0.324026451138868,0,467,0.372408293460925
"47","1480C3430","Kortedala sydöstra",30,8.72856666714453,746673.828232636,223.9,5008.62600287159,2285,1284,0.322975929978118,0.677024070021882,0.214548126377663,0.363703159441587,0.165319617927994,0.20573108008817,0.0506980161645849,0.830216903515333,0.169783096484667,0,453,0.352803738317757
"48","1480C3770","Hammarkullen centrala",30,8.65898395010191,443486.571769079,190,NA,2706,995,0.105691056910569,0.894308943089431,0.295947901591896,0.386396526772793,0.101302460202605,0.142547033285094,0.0738060781476122,0.904719501335708,0.0587711487088157,0.0365093499554764,439,0.441206030150754
"49","1480C2510","Kyrkbyn Bräcke",54,8.45078647598784,266677.926321571,347.5,4646.1724317821,1523,877,0.678266579120158,0.321733420879842,0.113017154389506,0.351160443995964,0.170534813319879,0.335015136226034,0.0302724520686176,0.756207674943567,0.156884875846501,0.0869074492099323,406,0.462941847206385
"50","1480C3640","Hjällbo västra",50,7.94376570759963,775581.337063231,215,6844.02812588501,1613,473,0.0731556106633602,0.92684438933664,0.316582914572864,0.384422110552764,0.131909547738693,0.123115577889447,0.0439698492462312,0.894409937888199,0,0.105590062111801,239,0.505285412262156
"51","1480C3550","Kortedala nordöstra",20,7.9081912878014,230200.424033036,246.4,NA,2386,1197,0.341156747694887,0.658843252305113,0.18811136192626,0.366440933032355,0.157261098570354,0.239277652370203,0.0489089541008277,0.669902912621359,0.270226537216828,0.0598705501618123,549,0.458646616541353
"52","1480C2730","Björkekärr Östra sjukhuset",26,7.87320103781793,187196.009991045,332.1,0.119687077753756,1872,1123,0.606303418803419,0.393696581196581,0.0659722222222222,0.321180555555556,0.188368055555556,0.405381944444444,0.0190972222222222,0.760378732702112,0.239621267297888,0,475,0.422974176313446
"53","1480C3040","Kvillebäcken Björlandavägen",49,7.7491802494142,501813.368071753,324.3,NA,3189,1306,0.393540294763249,0.606459705236751,0.116139585605234,0.311886586695747,0.15103598691385,0.353326063249727,0.0676117775354417,0.660530191458026,0.162739322533137,0.176730486008837,691,0.529096477794793
"54","1480C1690","Sanna",83,7.5374858376672,1407179.87993438,280.5,924.174966921783,2846,1936,0.791286015460295,0.208713984539705,0.0658271322266743,0.283342873497424,0.209502003434459,0.423583285632513,0.0177447052089296,0.785714285714286,0.214285714285714,0,545,0.28150826446281
"55","1480C1840","Majorna Såggatan",20,7.50159532884357,97836.0780553477,353.4,NA,1464,775,0.812841530054645,0.187158469945355,0.0546318289786223,0.250593824228029,0.217339667458432,0.463182897862233,0.0142517814726841,0.8625,0.1375,0,390,0.503225806451613
"56","1480C1520","Högsbotorp västra",35,7.48672714952693,223587.461173715,318.5,NA,2405,1506,0.74012474012474,0.25987525987526,0.0725138121546961,0.25828729281768,0.18439226519337,0.467541436464088,0.0172651933701657,0.618537200504414,0.381462799495586,0,586,0.389110225763612
"57","1480C2080","Skår",64,7.21334630095315,203586.473194554,425.4,1311.80110549739,1622,814,0.827990135635018,0.172009864364982,0.0321507760532151,0.252771618625277,0.178492239467849,0.51330376940133,0.0232815964523282,0.614155251141553,0.188356164383562,0.197488584474886,494,0.606879606879607
"58","1480C3320","Kortedala  södra",59,7.10215773432797,363347.974661662,321.6,NA,1747,787,0.539782484258729,0.460217515741271,0.121465968586387,0.361256544502618,0.162303664921466,0.330890052356021,0.0240837696335079,0.818069306930693,0.0321782178217822,0.149752475247525,479,0.60864040660737
"59","1480C2790","Olskroken",19,6.67769857518851,134335.263253635,367.6,NA,1474,835,0.738127544097693,0.261872455902307,0.0665342601787488,0.300893743793446,0.209533267130089,0.405163853028798,0.0178748758689176,0.594594594594595,0.405405405405405,0,319,0.382035928143713
"60","1480C3050","Norra Biskopsgården",7,6.63658035565711,132614.613178305,205.7,387386.607068065,2429,856,0.0806916426512968,0.919308357348703,0.339203675344564,0.35375191424196,0.126339969372129,0.126339969372129,0.054364471669219,1,0,0,344,0.401869158878505
"61","1480C1960","Stigberget",14,6.63044734071112,136983.82430203,348.2,NA,2009,1078,0.785963165754107,0.214036834245893,0.055045871559633,0.254587155963303,0.206422018348624,0.468654434250765,0.0152905198776758,0.865724381625442,0.134275618374558,0,390,0.36178107606679
"62","1480C3130","Jättesten",27,6.24554458267491,246830.754156363,223.7,NA,2401,1047,0.24073302790504,0.75926697209496,0.243983402489627,0.443153526970954,0.120331950207469,0.155186721991701,0.037344398340249,1,0,0,467,0.44603629417383
"63","1480C3370","Kortedala sydöstra",8,6.19746517006326,313241.483183206,226.2,NA,1906,944,0.332633788037775,0.667366211962225,0.178984861976848,0.396260017809439,0.168299198575245,0.218165627782725,0.0382902938557435,0.932377049180328,0.0471311475409836,0.0204918032786885,404,0.427966101694915
"64","1480C1240","Ängås",6,6.15788561094474,268434.407363481,280.5,NA,2094,906,0.299426934097421,0.700573065902579,0.193765796124684,0.388374052232519,0.139848357203033,0.234203875315922,0.0438079191238416,0.528161530286929,0.471838469713071,0,481,0.530905077262693
"65","1480C1220","Ängås",63,6.09891789162998,1240594.76521521,287.9,50454.4476651921,1970,849,0.478680203045685,0.521319796954315,0.151606425702811,0.375502008032129,0.150602409638554,0.284136546184739,0.0381526104417671,0.664529914529915,0.0202991452991453,0.31517094017094,604,0.711425206124853
"66","1480C2590","Nolered Amhult-Arendal",935,6.01227048021789,32419780.803224,373.5,93252.9248987937,2674,1229,0.784218399401646,0.215781600598355,0.0708171206225681,0.394552529182879,0.183657587548638,0.327626459143969,0.0233463035019455,0.598373983739837,0.272357723577236,0.129268292682927,788,0.641171684296176
"67","1480C1510","Högsbotorp östra",41,5.91220190663131,249364.548451692,324.9,11881.0165320308,2102,1208,0.698382492863939,0.301617507136061,0.0478806907378336,0.26530612244898,0.203296703296703,0.434065934065934,0.0494505494505494,0.621705426356589,0.353488372093023,0.0248062015503876,497,0.411423841059603
"68","1480C2440","Lunden västra",46,5.91171380275583,183092.821550738,355.2,NA,1972,1248,0.778397565922921,0.221602434077079,0.0618320610687023,0.305343511450382,0.20381679389313,0.403053435114504,0.0259541984732824,0.73199703043801,0.233853006681514,0.0341499628804751,502,0.40224358974359
"69","1480C2740","Kålltorp Munkebäckstorget",35,5.91155773566131,122993.821997919,356.1,NA,1644,1044,0.774330900243309,0.225669099756691,0.0586642599277978,0.302346570397112,0.199458483754513,0.417870036101083,0.0216606498194946,0.714285714285714,0.279424977538185,0.00628930817610063,401,0.384099616858238
"70","1480C2700","Kyrkbyn östra",70,5.57712284743868,396597.956849115,332.9,NA,1517,845,0.65062623599209,0.34937376400791,0.0889132821075741,0.361141602634468,0.154774972557629,0.346871569703622,0.0482985729967069,0.739614994934144,0.177304964539007,0.083080040526849,399,0.472189349112426
"71","1480C3670","Hjällbo västra",1,5.42475368288811,145403.644275508,198.1,NA,1605,588,0.0791277258566978,0.920872274143302,0.313207547169811,0.363522012578616,0.132075471698113,0.138364779874214,0.0528301886792453,1,0,0,266,0.452380952380952
"72","1480C1630","Kallebäck östra",66,5.28350751618616,2304721.51277619,351.3,NA,1994,1117,0.702607823470411,0.297392176529589,0.0817610062893082,0.341981132075472,0.196540880503145,0.360849056603774,0.0188679245283019,0.798275862068966,0.182758620689655,0.0189655172413793,569,0.50940017905103
"73","1480C1780","Kungsladugård Älvsborgsgatan",33,5.22805594011882,178093.921440576,353.5,NA,2044,1099,0.831702544031311,0.168297455968689,0.0631911532385466,0.252764612954186,0.219589257503949,0.458925750394945,0.00552922590837283,0.798275862068966,0.201724137931034,0,483,0.439490445859873
"74","1480C1330","Järnbrott",40,5.08086988089913,437121.533681351,343,NA,2354,1200,0.719626168224299,0.280373831775701,0.0769230769230769,0.361067503924647,0.172684458398744,0.372056514913658,0.0172684458398744,0.660146699266504,0.097799511002445,0.242053789731051,770,0.641666666666667
"75","1480C2480","Olskroken",25,5.02267296031147,142750.303304518,367.5,NA,1438,898,0.767037552155772,0.232962447844228,0.0487077534791252,0.314115308151093,0.202783300198807,0.417495029821074,0.0168986083499006,0.784663865546218,0.215336134453782,0,286,0.318485523385301
"76","1480C1610","Guldheden södra",10,4.98566233982829,132611.013545494,310.8,NA,2127,1124,0.657733897508228,0.342266102491772,0.0361552028218695,0.180776014109347,0.17989417989418,0.567901234567901,0.0352733686067019,0.642495784148398,0.357504215851602,0,406,0.361209964412811
"77","1480C2810","Olskroken",85,4.77426949441858,744043.427868847,322.5,NA,1639,868,0.547284929835265,0.452715070164735,0.0942184154175589,0.352248394004283,0.183083511777302,0.325481798715203,0.0449678800856531,0.804444444444444,0.195555555555556,0,337,0.388248847926267
"78","1480C2000","Stigberget",39,4.73810856895351,124169.609608491,326,NA,2166,1235,0.798245614035088,0.201754385964912,0.0664259927797834,0.262093862815884,0.2014440433213,0.454151624548736,0.015884476534296,0.913752913752914,0.0862470862470862,0,440,0.356275303643725
"79","1480C2680","Kålltorp Munkebäckstorget",20,4.71336184853064,94424.4350987737,351.6,NA,1233,784,0.801297648012976,0.198702351987024,0.0619684082624544,0.277035236938032,0.181044957472661,0.460510328068044,0.0194410692588092,0.654589371980676,0.345410628019324,0,325,0.414540816326531
"80","1480C1480","Högsbotorp västra",31,4.62962000750509,221171.35883188,263.9,17025.0254866827,2005,1310,0.647381546134663,0.352618453865337,0.115215479331574,0.329815303430079,0.182937554969217,0.354441512752858,0.0175901495162709,1,0,0,415,0.316793893129771
"81","1480C1980","Majorna Såggatan",44,4.55540444292304,134257.282652877,359.3,NA,1655,875,0.821148036253776,0.178851963746224,0.055937193326791,0.243375858684985,0.173699705593719,0.517173699705594,0.0098135426889107,0.6440489432703,0.3559510567297,0,371,0.424
"82","1480C3540","Tuve Norumshöjd",14,4.53473092010072,242969.499499898,260.4,NA,2327,957,0.38504512247529,0.61495487752471,0.201619433198381,0.492307692307692,0.136032388663968,0.147368421052632,0.0226720647773279,0.99706457925636,0,0.00293542074363992,509,0.531870428422153
"83","1480C1190","Askim norra",15,4.45689583630891,216441.374419137,344.9,52573.6637276096,1852,916,0.586393088552916,0.413606911447084,0.106542056074766,0.400934579439252,0.161682242990654,0.292523364485981,0.0383177570093458,0.988433228180862,0,0.0115667718191377,505,0.551310043668122
"84","1480C2420","Lunden östra-Härlanda",36,4.43790985301769,341341.965836623,379.9,NA,1958,1143,0.800817160367722,0.199182839632278,0.0447119518486672,0.214101461736887,0.197764402407567,0.52536543422184,0.0180567497850387,0.516666666666667,0.438333333333333,0.045,571,0.499562554680665
"85","1480C3060","Gamlestaden västra",59,4.433418840408,259168.218432386,320,10517.3325928878,2222,1129,0.526102610261026,0.473897389738974,0.079664570230608,0.291404612159329,0.190775681341719,0.411600279524808,0.026554856743536,0.668032786885246,0.331967213114754,0,413,0.365810451727192
"86","1480C1540","Annedal-Änggården",157,4.31075242459822,4780086.41161541,343.6,18337.9303119383,1553,687,0.78750804893754,0.21249195106246,0.0358744394618834,0.161434977578475,0.155455904334828,0.575485799701046,0.0717488789237668,0.531175059952038,0.121103117505995,0.347721822541966,393,0.572052401746725
"87","1480C2960","Kvillebäcken Wieselgrensplatsen",25,4.29085277785708,390361.25809539,327.6,NA,1738,1084,0.597813578826237,0.402186421173763,0.0727272727272727,0.274380165289256,0.175206611570248,0.404132231404959,0.0735537190082645,0.538011695906433,0.399331662489557,0.06265664160401,381,0.351476014760148
"88","1480C2100","Stigberget",35,4.2780067573017,95530.1271605254,351.6,NA,1983,1047,0.777609682299546,0.222390317700454,0.0626984126984127,0.232539682539683,0.196825396825397,0.491269841269841,0.0166666666666667,0.725045372050817,0.274954627949183,0,421,0.402101241642789
"89","1480C2940","Kvillebäcken Wieselgrensplatsen",28,4.24837052958646,95609.6905492859,322.8,NA,1755,1155,0.561253561253561,0.438746438746439,0.0789473684210526,0.332043343653251,0.178018575851393,0.367647058823529,0.043343653250774,0.819685690653433,0.180314309346567,0,312,0.27012987012987
"90","1480C2150","Masthugget övre Bangatan",21,4.16948109985312,151381.007664785,315,8471.23796775021,1819,1078,0.757559098405717,0.242440901594283,0.0433108758421559,0.205967276227141,0.217516843118383,0.493743984600578,0.0394610202117421,0.63130881094953,0.36869118905047,0,382,0.354359925788497
"91","1480C1660","Krokslätt Mossen",25,4.1540596645072,216441.317752375,65.7,NA,1528,1146,0.617801047120419,0.382198952879581,0.00614439324116743,0.0399385560675883,0.216589861751152,0.632872503840246,0.104454685099846,0.874700718276137,0.114924181963288,0.0103750997605746,132,0.115183246073298
"92","1480C2840","Kålltorp Vidkärr",25,4.08216847217747,233055.584636718,379.5,NA,2309,1272,0.756604590731919,0.243395409268081,0.0383824537354352,0.268677176148047,0.194653872515422,0.461274845784784,0.0370116518163125,0.533480500367918,0.445180279617366,0.0213392200147167,601,0.47248427672956
"93","1480C1460","Kaverös",7,4.01727660515162,145665.522134235,309.1,NA,1638,791,0.615995115995116,0.384004884004884,0.0877573131094258,0.29035752979415,0.19284940411701,0.401950162513543,0.0270855904658722,1,0,0,356,0.450063211125158
"94","1480C3380","Kortedala sydöstra",37,3.99519322765505,309395.361506138,227.2,82257.8710902005,2007,1065,0.318385650224215,0.681614349775785,0.202542372881356,0.385593220338983,0.166949152542373,0.207627118644068,0.0372881355932203,0.978066612510154,0.0219333874898457,0,384,0.36056338028169
"95","1480C1790","Kungsladugård Älvsborgsgatan",35,3.98056779134249,110639.203617103,325.8,55.076449988945,1593,908,0.810420590081607,0.189579409918393,0.0705190989226249,0.224289911851126,0.218413320274241,0.470127326150833,0.0166503428011753,0.708376421923475,0.291623578076525,0,340,0.374449339207048
"96","1480C1350","Frölunda torg östra",10,3.9470513064786,98551.5662732315,221.5,NA,2008,1091,0.36703187250996,0.63296812749004,0.141253507951356,0.326473339569691,0.190832553788587,0.291861552853134,0.0495790458372311,0.960732984293194,0.0392670157068063,0,314,0.287809349220898
"97","1480C2750","Rambergsstaden mellersta",24,3.92272766881426,101697.192188237,320.8,NA,1843,1134,0.613673358654368,0.386326641345632,0.0805617147080562,0.274944567627494,0.190687361419069,0.404286770140429,0.049519586104952,0.759868421052632,0.240131578947368,0,329,0.290123456790123
"98","1480C1360","Högsbo-Flatås östra",214,3.91275655059149,2858169.98972477,329,48189.5373963629,1746,910,0.691867124856816,0.308132875143184,0.125250501002004,0.433867735470942,0.163326653306613,0.258517034068136,0.0190380761523046,0.783092324805339,0.21579532814238,0.00111234705228031,519,0.57032967032967
"99","1480C2620","Björkekärr Rosendal",36,3.84724043011471,302038.296057237,171.1,NA,1607,896,0.614810205351587,0.385189794648413,0.0298701298701299,0.0922077922077922,0.218181818181818,0.575324675324675,0.0844155844155844,0.886064855390009,0,0.113935144609991,236,0.263392857142857
"100","1480C2860","Torpa",34,3.83634700297848,423319.981318462,316.3,NA,2301,1157,0.725771403737505,0.274228596262495,0.107896794370602,0.325254104769351,0.206411258795934,0.346364347146208,0.0140734949179046,0.887573964497041,0.00929839391377853,0.10312764158918,652,0.56352636127917
"101","1480C2550","Lunden västra",12,3.83076481479424,70848.0974798633,372.5,NA,1718,1065,0.816647264260768,0.183352735739232,0.0433275563258232,0.282495667244367,0.2157712305026,0.434142114384749,0.024263431542461,0.769911504424779,0.230088495575221,0,391,0.367136150234742
"102","1480C2710","Rambergsstaden västra",75,3.81328934145024,965626.555637126,264.5,NA,1838,1180,0.365614798694233,0.634385201305767,0.151745068285281,0.341426403641882,0.179817905918058,0.275417298937785,0.0515933232169954,0.912975912975913,0.087024087024087,0,354,0.3
"103","1480C3300","Länsmansgården norra",42,3.79575586650088,1691315.42645389,288,NA,2138,910,0.271281571562208,0.728718428437792,0.208264462809917,0.40495867768595,0.138842975206612,0.19504132231405,0.0528925619834711,0.831746031746032,0.134391534391534,0.0338624338624339,508,0.558241758241758
"104","1480C1230","Grevegården",9,3.75343457212034,145407.147434828,241.4,NA,2192,915,0.308850364963504,0.691149635036496,0.239536954585931,0.395369545859305,0.13713268032057,0.186108637577916,0.0418521816562778,1,0,0,428,0.46775956284153
"105","1480C1720","Guldheden mellersta",52,3.7431055685627,291556.422031528,316.7,NA,1367,887,0.713972201901975,0.286027798098025,0.0804455445544554,0.238861386138614,0.184405940594059,0.49009900990099,0.00618811881188119,1,0,0,313,0.352874859075536
"106","1480C1750","Kungsladugård Kungsladugårdsgatan",29,3.70080575162541,139446.710375368,329.1,7.26946908828044,1726,1031,0.800695249130939,0.199304750869061,0.069055944055944,0.286713286713287,0.202797202797203,0.431818181818182,0.00961538461538462,0.842843779232928,0.157156220767072,0,376,0.364694471387003
"107","1480C1300","Tofta",20,3.6704963817089,118796.186795917,240.3,NA,1207,640,0.493786246893123,0.506213753106877,0.176656151419558,0.430599369085173,0.151419558359621,0.20820189274448,0.0331230283911672,1,0,0,268,0.41875
"108","1480C2070","Olivedal Kommendantsängen",17,3.57660957213355,53553.2489320968,362.6,NA,1316,788,0.753799392097264,0.246200607902736,0.0214285714285714,0.197619047619048,0.208333333333333,0.525,0.0476190476190476,0.559859154929577,0.440140845070423,0,269,0.341370558375635
"109","1480C3080","Brunnsbo torg",15,3.56245542590912,134011.24349362,266,NA,2332,1070,0.358919382504288,0.641080617495712,0.173122529644269,0.390513833992095,0.139920948616601,0.251383399209486,0.0450592885375494,0.997255260750229,0,0.00274473924977127,507,0.473831775700935
"110","1480C1740","Olofshöjd",5,3.5592995771193,78237.6546078209,64.6,NA,1782,1223,0.368686868686869,0.631313131313131,0.00619195046439629,0.0288957688338493,0.229102167182663,0.603715170278638,0.132094943240454,0.978330146590185,0.00701083492670491,0.0146590184831103,75,0.0613246116107931
"111","1480C1670","Krokslätt södra",46,3.54017242366481,240350.681463063,293.9,8784.52409116412,2021,1179,0.7367639782286,0.2632360217714,0.0371024734982332,0.235865724381625,0.166961130742049,0.536219081272085,0.0238515901060071,0.82348367029549,0.117418351477449,0.0590979782270607,428,0.363019508057676
"112","1480C2290","Eriksberg",29,3.52657354391929,294473.731449475,394.6,NA,1787,920,0.7241186345831,0.2758813654169,0.0975609756097561,0.35920177383592,0.188470066518847,0.33370288248337,0.0210643015521064,0.604188481675393,0.395811518324607,0,553,0.601086956521739
"113","1480C1800","Krokslätt norra",11,3.45480171439335,60954.1630076991,360.6,NA,1543,1009,0.762151652624757,0.237848347375243,0.0378787878787879,0.259469696969697,0.190340909090909,0.480113636363636,0.0321969696969697,0.717411121239745,0.282588878760255,0,340,0.336967294350842
"114","1480C1590","Kungsladugård Kungsladugårdsgatan",68,3.41183619594097,280792.170102109,317.6,108708.351622549,1518,824,0.745718050065876,0.254281949934124,0.0656455142231947,0.264770240700219,0.194748358862144,0.450765864332604,0.0240700218818381,0.832558139534884,0.0174418604651163,0.15,430,0.521844660194175
"115","1480C3410","Skälltorp Selma Lagerlöfs torg",33,3.40434872194528,225060.573150205,223.9,NA,2031,1163,0.315115706548498,0.684884293451502,0.184140969162996,0.393832599118943,0.173568281938326,0.20704845814978,0.0414096916299559,0.91220556745182,0.0877944325481799,0,344,0.295786758383491
"116","1480C2580","Lunden Danska vägen",15,3.39547709145567,65226.9206406907,352.3,NA,1589,1070,0.796098174952801,0.2039018250472,0.0452127659574468,0.285460992907801,0.212765957446809,0.445921985815603,0.0106382978723404,0.759717314487632,0.240282685512367,0,384,0.358878504672897
"117","1480C2600","Olskroken",30,3.35972746295166,115154.162751221,346.8,686825.151069834,1346,770,0.74368499257058,0.25631500742942,0.0720496894409938,0.341614906832298,0.193788819875776,0.382608695652174,0.00993788819875776,0.805309734513274,0.194690265486726,0,336,0.436363636363636
"118","1480C3680","Hjällbo östra",55,3.35588420885386,673037.513425813,247.9,37.4129876746197,1963,708,0.124299541518085,0.875700458481915,0.26172607879925,0.390243902439024,0.135084427767355,0.166041275797373,0.0469043151969981,0.858710562414266,0,0.141289437585734,477,0.673728813559322
"119","1480C1850","Johanneberg Chalmers",84,3.30382128915754,369562.496802974,291.3,NA,2407,1554,0.753635230577482,0.246364769422518,0.0237315875613748,0.167757774140753,0.206219312602291,0.549099836333879,0.0531914893617021,0.724477958236659,0.275522041763341,0,516,0.332046332046332
"120","1480C1250","Grevegården",26,3.2869599252883,289400.151911298,264.3,476.343623748579,2344,943,0.280716723549488,0.719283276450512,0.18561872909699,0.377926421404682,0.16304347826087,0.233277591973244,0.040133779264214,0.64922480620155,0.35077519379845,0,554,0.587486744432662
"121","1480C1830","Johanneberg västra",40,3.19219485776436,174413.716645371,328.6,NA,2384,1524,0.776006711409396,0.223993288590604,0.0287277701778386,0.186730506155951,0.192886456908345,0.556771545827633,0.0348837209302326,0.544471153846154,0.455528846153846,0,485,0.318241469816273
"122","1480C1950","Krokslätt norra",21,3.1761670310202,93881.9447727465,394.9,NA,1709,939,0.784084259801053,0.215915740198947,0.0478468899521531,0.266985645933014,0.204784688995215,0.460287081339713,0.0200956937799043,0.633136094674556,0.366863905325444,0,415,0.4419595314164
"123","1480C3140","Länsmansgården södra",15,3.16210189332507,363570.017551101,227,NA,1922,645,0.160249739854318,0.839750260145682,0.286919831223629,0.40506329113924,0.109704641350211,0.141350210970464,0.0569620253164557,1,0,0,299,0.463565891472868
"124","1480C1160","Askim norra",183,3.15535825463635,1840855.17978722,390.5,59696.2773240306,2952,1340,0.678861788617886,0.321138211382114,0.0593869731800766,0.335249042145594,0.154533844189017,0.420817369093231,0.0300127713920817,0.538404175988069,0.155108128262491,0.306487695749441,990,0.738805970149254
"125","1480C1760","Johanneberg västra",37,3.15084906633807,80963.3831421966,350.4,1.56556898792916,1654,1101,0.777509068923821,0.222490931076179,0.0298786181139122,0.2296918767507,0.169934640522876,0.53688141923436,0.0336134453781513,0.516750418760469,0.483249581239531,0,386,0.350590372388738
"126","1480C2540","Lunden Danska vägen",33,2.99824134173991,119977.070862113,384.1,NA,1960,1159,0.821938775510204,0.178061224489796,0.0463192721257237,0.315136476426799,0.198511166253102,0.421836228287841,0.0181968569065343,0.731139646869984,0.268860353130016,0,492,0.424503882657463
"127","1480C1600","Guldheden södra",37,2.9192151163,283318.236611577,305.7,NA,2144,1298,0.71875,0.28125,0.0722610722610723,0.237762237762238,0.177933177933178,0.493395493395493,0.0186480186480186,0.808823529411765,0.188970588235294,0.00220588235294118,484,0.372881355932203
"128","1480C1310","Skattegården",33,2.85533170158316,412940.691607649,310.8,101146.934145127,2710,1192,0.524723247232472,0.475276752767528,0.13443072702332,0.436899862825789,0.139917695473251,0.246227709190672,0.0425240054869684,0.953733766233766,0,0.0462662337662338,693,0.581375838926175
"129","1480C1320","Järnbrott",47,2.8080463289517,352707.053575177,317.9,125865.787886467,1909,1165,0.71765322158198,0.28234677841802,0.090990990990991,0.386486486486486,0.178378378378378,0.326126126126126,0.018018018018018,0.501214574898785,0.470445344129555,0.0283400809716599,615,0.527896995708155
"130","1480C1860","Johanneberg Chalmers",38,2.80348556816595,101761.706275521,284.3,NA,1892,1239,0.662790697674419,0.337209302325581,0.0323475046210721,0.183918669131238,0.172828096118299,0.542513863216266,0.0683918669131238,0.771816881258941,0.228183118741059,0,343,0.27683615819209
"131","1480C1680","Krokslätt södra",47,2.7226081754247,268158.362991195,364.4,521.13055862056,2574,1618,0.726107226107226,0.273892773892774,0.0478692352597782,0.236427320490368,0.211325160537069,0.484530064214828,0.0198482194979568,0.696195652173913,0.303804347826087,0,559,0.34548825710754
"132","1480C2170","Majorna Hängmattan",95,2.70635059633758,483585.314059418,305.3,NA,1688,1013,0.701421800947867,0.298578199052133,0.0750507099391481,0.328600405679513,0.199797160243408,0.380324543610548,0.0162271805273834,0.877133105802048,0.122866894197952,0,336,0.331688055281343
"133","1480C2190","Heden västra",20,2.68174832345706,60699.7201848384,431.3,NA,1385,751,0.780505415162455,0.219494584837545,0.0528846153846154,0.269230769230769,0.210336538461538,0.424278846153846,0.0432692307692308,0.518779342723005,0.481220657276995,0,375,0.499334221038615
"134","1480C2650","Stampen västra",275,2.65692138451798,1675765.51846426,353.9,NA,1978,1278,0.689079878665319,0.310920121334681,0.0469653179190751,0.299132947976879,0.197254335260116,0.406791907514451,0.0498554913294798,0.959876543209877,0.0401234567901235,0,283,0.221439749608764
"135","1480C1900","Annedal-Änggården",23,2.59931376243628,162273.853159077,356.1,NA,2118,1355,0.800755429650614,0.199244570349386,0.04,0.269803921568627,0.207843137254902,0.462745098039216,0.0196078431372549,0.826782145236509,0.173217854763491,0,389,0.287084870848708
"136","1480C1650","Guldheden södra",18,2.58655288545911,207513.721542292,305.2,NA,1511,923,0.71542025148908,0.28457974851092,0.0582306830907055,0.212765957446809,0.189249720044793,0.524076147816349,0.0156774916013438,0.722606120434353,0.277393879565647,0,357,0.386782231852654
"137","1480C1970","Landala norra",7,2.57038988826969,117407.582059167,304.8,NA,1744,1075,0.673738532110092,0.326261467889908,0.0865191146881288,0.298792756539235,0.191146881287726,0.400402414486922,0.0231388329979879,0.970744680851064,0.0292553191489362,0,370,0.344186046511628
"138","1480C1770","Krokslätt norra",71,2.47075539401082,372625.798951054,380.7,NA,1767,909,0.715336728919072,0.284663271080928,0.0487329434697856,0.233918128654971,0.199805068226121,0.476608187134503,0.0409356725146199,0.630010277492292,0.321685508735868,0.0483042137718397,453,0.498349834983498
"139","1480C2560","Lindholmen",285,2.41586790956834,2404727.12765424,335.2,105240.174552241,3320,2076,0.526204819277108,0.473795180722892,0.031929662193429,0.141601110596946,0.189264229523369,0.528459046737621,0.108745950948635,0.517260273972603,0.482739726027397,0,504,0.242774566473988
"140","1480C2460","Inom Vallgraven",177,2.37743392815198,580447.204795085,387.4,1723.44134775877,2089,1274,0.683580660603159,0.316419339396841,0.0539104024297646,0.248291571753986,0.183750949126803,0.483675018982536,0.0303720577069096,0.503828483920367,0.496171516079632,0,430,0.337519623233909
"141","1480C2280","Vasastaden västra",49,2.32209564661179,166417.37680439,385.9,NA,1767,998,0.706281833616299,0.293718166383701,0.0527272727272727,0.263636363636364,0.179090909090909,0.451818181818182,0.0527272727272727,0.670443814919736,0.329556185080264,0,342,0.342685370741483
"142","1480C1370","Frölunda torg västra",34,2.31119463335819,256762.683181922,271.8,NA,1599,731,0.407754846779237,0.592245153220763,0.176064441887227,0.431530494821634,0.135788262370541,0.220943613348677,0.0356731875719217,0.827770360480641,0.096128170894526,0.0761014686248331,378,0.517099863201094
"143","1480C1270","Tofta",50,2.27294606469157,600696.567992273,268,163947.660254017,1633,897,0.551132884262094,0.448867115737906,0.173024523160763,0.433242506811989,0.155313351498638,0.222070844686649,0.0163487738419619,0.87037037037037,0.12962962962963,0,469,0.522853957636566
"144","1480C2260","Heden östra",195,2.26818812560191,931230.433992998,277.9,202338.688356839,1327,890,0.648831951770912,0.351168048229088,0.0739247311827957,0.247311827956989,0.231182795698925,0.39247311827957,0.0551075268817204,0.693409742120344,0.306590257879656,0,200,0.224719101123595
"145","1480C2220","Stigberget",37,2.24682027760338,180964.889011276,355.1,NA,1544,765,0.769430051813471,0.230569948186528,0.0709745762711864,0.25,0.185381355932203,0.48728813559322,0.00635593220338983,0.890380313199105,0.108501118568233,0.00111856823266219,299,0.390849673202614
"146","1480C1570","Kallebäck västra",42,2.23997444139741,569162.014017973,319.2,8.4163310802575e-06,3191,1811,0.545910372923848,0.454089627076152,0.0399014778325123,0.217241379310345,0.21871921182266,0.471428571428571,0.0527093596059113,0.749538745387454,0.25,0.000461254612546125,626,0.345665378244064
"147","1480C1340","Frölunda torg västra",18,2.16864386471808,158665.721153182,303.9,2.37158836864982e-10,2023,911,0.263964409293129,0.736035590706871,0.120431893687708,0.314784053156146,0.163621262458472,0.338039867109635,0.0631229235880399,0.59726603575184,0.40273396424816,0,351,0.385290889132821
"148","1480C2930","Kvillebäcken Wieselgrensplatsen",50,2.00382226163827,131682.179611727,295.5,0.000227759209104715,1418,914,0.535260930888575,0.464739069111425,0.102310231023102,0.33003300330033,0.2002200220022,0.347634763476348,0.0198019801980198,0.843587069864442,0.156412930135558,0,310,0.339168490153173
"149","1480C2160","Majorna Hängmattan",25,1.88086802187904,114450.962155556,358.7,NA,1858,989,0.723896663078579,0.276103336921421,0.0757299270072993,0.326642335766423,0.182481751824818,0.396897810218978,0.0182481751824818,0.797029702970297,0.202970297029703,0,423,0.427704752275025
"150","1480C2250","Haga",66,1.83741270636208,246210.145110646,394.4,251.669158817937,1836,951,0.765250544662309,0.234749455337691,0.0574162679425837,0.265071770334928,0.191387559808612,0.473684210526316,0.0124401913875598,0.771947527749748,0.228052472250252,0,374,0.393270241850683
"151","1480C2010","Landala norra",19,1.8166763567789,73754.0945405919,396,NA,1668,940,0.799760191846523,0.200239808153477,0.0413793103448276,0.238423645320197,0.191133004926108,0.506403940886699,0.0226600985221675,0.646474677259186,0.353525322740814,0,374,0.397872340425532
"152","1480C2110","Lorensberg-Vasastaden övre",99,1.78259336824134,399339.558345963,425.7,732.164366944277,1813,997,0.795366795366795,0.204633204633205,0.0559662090813094,0.244984160506864,0.175290390707497,0.477296726504752,0.0464625131995776,0.581705150976909,0.412078152753108,0.00621669626998224,569,0.570712136409228
"153","1480C2330","Vasastaden västra",67,1.63734065496359,191522.704692439,400.8,20375.0193330701,1352,732,0.732248520710059,0.267751479289941,0.0501792114695341,0.283154121863799,0.199522102747909,0.415770609318996,0.0513739545997611,0.621993127147766,0.374570446735395,0.00343642611683849,328,0.448087431693989
"154","1480C1880","Kungsladugård Älvsborgsgatan",57,1.63428769529062,407841.288429229,338.9,0.0835704000349644,2036,1211,0.790275049115914,0.209724950884086,0.0647149460708783,0.295839753466872,0.208012326656394,0.412942989214176,0.0184899845916795,0.753772835583797,0.246227164416203,0,511,0.421965317919075
"155","1480C1890","Landala södra",52,1.61535724650648,78520.3286308672,226.8,56873.0992669909,1544,1011,0.672279792746114,0.327720207253886,0.0816091954022989,0.25632183908046,0.203448275862069,0.41264367816092,0.0459770114942529,1,0,0,232,0.229475766567755
"156","1480C2230","Lorensberg-Vasastaden övre",34,1.56569738256433,137408.001847591,437.1,56664.0645692415,1883,1003,0.72437599575146,0.27562400424854,0.0491143317230274,0.265700483091787,0.19645732689211,0.449275362318841,0.0394524959742351,0.55884995507637,0.44115004492363,0,417,0.415752741774676
"157","1480C3690","Hjällbo västra",5,1.55507601656963,126350.209976764,196.4,0.00313327044111974,1955,641,0.0746803069053708,0.925319693094629,0.318704284221526,0.366771159874608,0.133751306165099,0.13166144200627,0.0491118077324974,1,0,0,332,0.517940717628705
"158","1480C2240","Haga",28,1.49713539269422,94738.2254170786,358.3,NA,1993,1056,0.747616658304064,0.252383341695936,0.0762867647058824,0.299632352941176,0.191176470588235,0.409926470588235,0.0229779411764706,0.937558247903076,0.0624417520969245,0,395,0.37405303030303
"159","1480C2350","Heden västra",42,1.38287608610867,323266.45071977,413.7,101834.032896938,1596,917,0.734335839598998,0.265664160401002,0.0556149732620321,0.306951871657754,0.188235294117647,0.414973262032086,0.0342245989304813,0.563947633434038,0.436052366565962,0,398,0.4340239912759
"160","1480C1930","Masthugget övre Vegagatan",10,1.38153249915094,54770.5482934746,364.8,NA,1450,833,0.791724137931034,0.208275862068966,0.0387016229712859,0.253433208489388,0.210986267166042,0.469413233458177,0.0274656679151061,0.629262926292629,0.370737073707371,0,290,0.348139255702281
"161","1480C2380","Heden västra",58,1.36832936902033,234090.56580675,379.1,0.00717724882442661,1638,909,0.702686202686203,0.297313797313797,0.0777027027027027,0.336711711711712,0.202702702702703,0.36036036036036,0.0225225225225225,0.594450373532551,0.405549626467449,0,406,0.446644664466447
"162","1480C1280","Frölunda torg östra",52,1.33616791241176,203263.420244559,234.5,27199.327402865,2183,1013,0.259734310581768,0.740265689418232,0.171475680131904,0.347073371805441,0.16075845012366,0.278647980214345,0.0420445177246496,0.877437325905292,0.122562674094708,0,343,0.338598223099704
"163","1480C1920","Olivedal nordvästra",24,1.32966918941145,43478.3922384629,414.1,NA,1242,668,0.836553945249597,0.163446054750403,0.0395314787701318,0.200585651537335,0.203513909224012,0.541727672035139,0.0146412884333821,0.511049723756906,0.488950276243094,0,309,0.462574850299401
"164","1480C2470","Stampen östra",84,1.23395022064464,139714.239521729,357.5,NA,1799,1081,0.693718732629238,0.306281267370762,0.0747295968534907,0.312684365781711,0.192723697148476,0.39724680432645,0.0226155358898722,0.541630148992112,0.458369851007888,0,416,0.384828862164662
