deso,regso,nodes,avg_accessibility,avg_dijk_dist,avg_euc_dist,area_m2,Median income tkr,pop,total_households,swedish,foreign,middle_school,gymnasium,post_gymnasium_less_than_3,post_gymnasium_more_than_3,education_missing,hyresrätt,bostadsrätt,äganderätt,bilar_i_trafik,cars_per_household
1480C1090,Näset,484,1.2870074540581475,0,0.026393824919813073,15171505.83634548,491.6,1835,680,0.849591280653951,0.15040871934604905,0.02910360884749709,0.23166472642607683,0.21071012805587894,0.5017462165308498,0.02677532013969732,0.10541310541310542,0.011396011396011397,0.8831908831908832,785,1.1544117647058822
1480C1140,Näset,244,1.2870074540581475,0,0.018740783980707755,1257478.0947496293,466.8,2038,685,0.8635917566241413,0.1364082433758587,0.035869565217391305,0.26521739130434785,0.19782608695652174,0.48586956521739133,0.015217391304347827,0.004379562043795621,0,0.9956204379562044,779,1.1372262773722628
1480C1290,Bratthammar,234,1.2870074540581475,0,0.012200547881194224,1210971.865134008,426,2534,873,0.8520126282557222,0.1479873717442778,0.046363636363636364,0.2772727272727273,0.19454545454545455,0.4636363636363636,0.01818181818181818,0.0327683615819209,0,0.9672316384180791,976,1.1179839633447881
1480C1380,Guldringen,81,1.2870074540581475,0,0.0029483896264023033,357599.3850551773,320.1,2454,1374,0.726161369193154,0.27383863080684595,0.07859922178988327,0.4163424124513619,0.20311284046692607,0.27782101167315176,0.024124513618677044,0.3532684283727399,0.6467315716272601,0,754,0.5487627365356623
1480C1390,Fiskebäck södra,432,1.2870074540581475,0,0.01235240635467399,1159568.4246638718,474,1895,663,0.9139841688654353,0.08601583113456464,0.03121387283236994,0.22196531791907514,0.18034682080924855,0.5549132947976878,0.011560693641618497,0.006042296072507553,0,0.9939577039274925,749,1.1297134238310709
1480C1410,Fiskebäck södra,407,1.2870074540581475,0,0.008673092223618667,1027610.598321241,420.2,1933,708,0.867563372995344,0.13243662700465597,0.02689486552567237,0.2775061124694376,0.1784841075794621,0.5036674816625917,0.013447432762836185,0.002844950213371266,0,0.9971550497866287,748,1.0564971751412429
1480C2570,Hjuvik,644,1.2870074540581475,0,0.03429762113318503,1980635.473907484,507.7,2074,724,0.9064609450337512,0.0935390549662488,0.041501976284584984,0.27964426877470355,0.19466403162055335,0.475296442687747,0.008893280632411068,0.001388888888888889,0.025,0.9736111111111111,873,1.2058011049723756
1480C3050,Norra Biskopsgården,37,1.2870074540581475,0,0.007422264280638639,132614.6131783049,205.7,2429,856,0.08069164265129683,0.9193083573487032,0.3392036753445635,0.3537519142419602,0.12633996937212863,0.12633996937212863,0.05436447166921899,1,0,0,344,0.40186915887850466
1480C3070,Norra Biskopsgården,5,1.2870074540581475,0,0.003996809509756299,55480.2558041873,204.7,923,348,0.06825568797399784,0.9317443120260022,0.2854368932038835,0.37281553398058254,0.12427184466019417,0.13203883495145632,0.0854368932038835,1,0,0,152,0.4367816091954023
1480C3120,Jättesten,97,1.2870074540581475,0,0.009461213417951864,477207.4066527004,296.5,2106,1052,0.2939221272554606,0.7060778727445394,0.1611754229741763,0.38913624220837045,0.15316117542297417,0.22707034728406056,0.06945681211041853,0.12203687445127305,0.848990342405619,0.02897278314310799,586,0.5570342205323194
1480C3130,Jättesten,49,1.2870074540581475,0,0.00639830644884076,246830.7541563635,223.7,2401,1047,0.24073302790503956,0.7592669720949604,0.24398340248962655,0.44315352697095434,0.12033195020746888,0.15518672199170125,0.03734439834024896,1,0,0,467,0.44603629417383
1480C3240,Utby,154,1.2870074540581475,0,0.021984720419200715,587366.2229256441,390.7,2518,985,0.7684670373312152,0.23153296266878476,0.06784660766961652,0.3215339233038348,0.17182890855457228,0.42625368731563423,0.012536873156342183,0.45143884892086333,0.08093525179856115,0.4676258992805755,874,0.8873096446700508
1480C3250,Utby,164,1.2870074540581475,0,0.014173977746463909,535188.6818414581,435.2,2225,706,0.8350561797752809,0.1649438202247191,0.03571428571428571,0.26160714285714287,0.18571428571428572,0.5053571428571428,0.011607142857142858,0.028050490883590462,0.03225806451612903,0.9396914446002805,780,1.1048158640226629
1480C3390,Bergsjön sydöstra,106,1.2870074540581475,0,0.03703290966984532,615086.1596935409,247.1,2484,1128,0.15257648953301128,0.8474235104669887,0.19338605319913732,0.37526959022286127,0.13731128684399713,0.20632638389647737,0.08770668583752696,0.9053435114503817,0.00916030534351145,0.08549618320610687,511,0.4530141843971631
1480C3400,Bergsjön södra,55,1.2870074540581475,0,0.02995628731803072,1475271.1688657831,226,2880,988,0.09930555555555555,0.9006944444444445,0.2549420586230402,0.3551465576005453,0.1383776414451261,0.17791411042944785,0.0736196319018405,0.8848223896663079,0.03336921420882669,0.08180839612486544,559,0.5657894736842105
1480C3530,Bergsjön Rymdtorget,42,1.2870074540581475,0,0.039242619907102316,1341048.8160280038,192.1,1484,626,0.07749326145552561,0.9225067385444744,0.29376498800959233,0.3824940047961631,0.12709832134292565,0.13309352517985612,0.06354916067146282,1,0,0,253,0.40415335463258784
1480C3770,Hammarkullen centrala,92,1.2870074540581475,0,0.009206404895371672,443486.57176907925,190,2706,995,0.10569105691056911,0.8943089430894309,0.2959479015918958,0.38639652677279307,0.10130246020260492,0.14254703328509408,0.07380607814761216,0.9047195013357079,0.058771148708815675,0.0365093499554764,439,0.44120603015075377
1480C3780,Kärra centrum,322,1.2870074540581475,0,0.018330822672278167,5215487.807968873,348.7,1550,689,0.7251612903225807,0.27483870967741936,0.08016304347826086,0.5217391304347826,0.13722826086956522,0.2391304347826087,0.021739130434782608,0.012968299711815562,0.8919308357348703,0.09510086455331412,608,0.8824383164005806
1480C3800,Bergum,611,1.2870074540581475,0,0.12096721628712964,8561900.873442814,402.6,2763,963,0.7166123778501629,0.28338762214983715,0.08674531575294935,0.4496877168632894,0.15058986814712005,0.2768910478834143,0.03608605135322693,0.10022026431718062,0.08480176211453745,0.8149779735682819,1259,1.3073727933541017
1480C3810,Kärra centrum,176,1.2870074540581475,0,0.018320933815342236,444865.7277916094,358.9,1699,727,0.6068275456150677,0.3931724543849323,0.08960573476702509,0.46833930704898447,0.16487455197132617,0.24970131421744324,0.027479091995221028,0.02029769959404601,0.5412719891745602,0.43843031123139375,704,0.9683631361760661
1480C3820,Bergum,626,1.2870074540581475,0,0.09177415217027064,4108054.654041358,415.7,1535,532,0.6859934853420195,0.31400651465798046,0.09753231492361927,0.4418331374853114,0.14336075205640422,0.28554641598119856,0.03172737955346651,0.08076923076923077,0.025,0.8942307692307693,705,1.3251879699248121
1480C3850,Kärra centrum,57,1.2870074540581475,0,0.025751626454268074,287291.91238413035,320.7,1432,725,0.6229050279329609,0.3770949720670391,0.12461538461538461,0.5123076923076924,0.13076923076923078,0.2076923076923077,0.024615384615384615,0,0.9140211640211641,0.08597883597883597,571,0.7875862068965517
1480C3860,Rannebergen södra,69,1.2870074540581475,0,0.020688896020969436,426097.0621127722,201.5,2684,1143,0.20268256333830104,0.797317436661699,0.3246268656716418,0.4141791044776119,0.09925373134328358,0.12164179104477611,0.04029850746268657,1,0,0,497,0.4348206474190726
1480C3910,Rannebergen norra,135,1.2870074540581475,0,0.022005767458447404,1921831.4040301961,280.6,2544,902,0.2613993710691824,0.7386006289308176,0.20555555555555555,0.4166666666666667,0.1492063492063492,0.17857142857142858,0.05,0.4967105263157895,0,0.5032894736842105,808,0.8957871396895787
1480C2720,Hjuvik,1017,1.2858897092758654,12.553657594240052,0.05721988262171295,9233602.708463073,526.9,2578,895,0.8933281613653995,0.10667183863460046,0.03328290468986384,0.2639939485627837,0.19591527987897125,0.491679273827534,0.015128593040847202,0.023622047244094488,0.10123734533183353,0.875140607424072,1033,1.1541899441340782
1480C3880,Angered centrum-Agnesberg,212,1.2855294691334773,14.395823680446288,0.010741459349027352,1608655.0657477754,280.5,2468,968,0.23176661264181522,0.7682333873581848,0.22131147540983606,0.4057377049180328,0.1319672131147541,0.2040983606557377,0.036885245901639344,0.2767762460233298,0.7073170731707317,0.015906680805938492,620,0.640495867768595
1480C1100,Näset,291,1.2841491726273175,27.455948719707255,0.02115442022814032,4884139.251734498,467.4,2249,808,0.8537127612272121,0.1462872387727879,0.04215686274509804,0.257843137254902,0.17549019607843136,0.503921568627451,0.020588235294117647,0.0161090458488228,0.026022304832713755,0.9578686493184635,984,1.2178217821782178
1480C1180,Önnered,244,1.2825214368068694,40.470716673515994,0.01711196498642878,2809401.1768480823,385.1,1917,782,0.9024517475221701,0.09754825247782994,0.0625,0.3113207547169811,0.20754716981132076,0.38207547169811323,0.036556603773584904,0.3031400966183575,0.15217391304347827,0.5446859903381642,665,0.850383631713555
1480C3560,Bergsjön Rymdtorget,65,1.2811217775783479,59.45197775814876,0.03714301455618827,341580.0025147788,222,3381,1029,0.11653356994971902,0.883466430050281,0.2860650705954573,0.3707796193984039,0.13136893799877225,0.14610190300798034,0.06568446899938613,0.7809254013220018,0.2190745986779981,0,564,0.5481049562682215
1480C3140,Länsmansgården södra,57,1.2809663956653523,52.25198676519879,0.0030652130807222837,363570.0175511011,227,1922,645,0.16024973985431842,0.8397502601456815,0.2869198312236287,0.4050632911392405,0.10970464135021098,0.14135021097046413,0.056962025316455694,1,0,0,299,0.4635658914728682
1480C1300,Tofta,36,1.2780751942311153,78.36493679452376,0.0038023969998846933,118796.18679591684,240.3,1207,640,0.49378624689312345,0.5062137531068766,0.17665615141955837,0.4305993690851735,0.15141955835962145,0.2082018927444795,0.033123028391167195,1,0,0,268,0.41875
1480C1900,Annedal-Änggården,66,1.277371969164766,83.31524156983792,0.0028584290882901226,162273.85315907703,356.1,2118,1355,0.8007554296506137,0.19924457034938622,0.04,0.2698039215686274,0.20784313725490197,0.4627450980392157,0.0196078431372549,0.826782145236509,0.173217854763491,0,389,0.2870848708487085
1480C1260,Fiskebäck södra,299,1.272870370769362,123.14861480737359,0.006006376836380772,4001659.4628738193,413.1,1556,614,0.8939588688946015,0.10604113110539845,0.04482225656877898,0.3029366306027821,0.16383307573415765,0.47913446676970634,0.00927357032457496,0.17496229260935142,0.24132730015082957,0.583710407239819,624,1.01628664495114
1480C2240,Haga,31,1.2709331349185715,137.99291598691767,0.0014755666201354126,94738.22541707865,358.3,1993,1056,0.7476166583040642,0.2523833416959358,0.07628676470588236,0.29963235294117646,0.19117647058823528,0.4099264705882353,0.02297794117647059,0.9375582479030755,0.06244175209692451,0,395,0.3740530303030303
1480C1650,Guldheden södra,39,1.2698091121044657,148.90770407051073,0.0021807305882797913,207513.72154229193,305.2,1511,923,0.7154202514890801,0.28457974851091994,0.05823068309070549,0.2127659574468085,0.18924972004479285,0.5240761478163494,0.015677491601343786,0.7226061204343535,0.2773938795656466,0,357,0.38678223185265437
1480C1280,Frölunda torg östra,162,1.269725905535881,148.34991632090504,0.0012204582516384707,203263.42024455935,234.5,2183,1013,0.2597343105817682,0.7402656894182318,0.17147568013190437,0.34707337180544107,0.16075845012366036,0.2786479802143446,0.04204451772464963,0.8774373259052924,0.12256267409470752,0,343,0.33859822309970383
1480C3830,Angered centrum-Agnesberg,282,1.2684067783562432,166.28719804541294,0.0052352964939192444,1372917.1151683056,259.2,2301,874,0.1912212081703607,0.8087787918296393,0.1998199819981998,0.40504050405040504,0.15391539153915393,0.1998199819981998,0.041404140414041404,0.6271929824561403,0.28289473684210525,0.08991228070175439,569,0.6510297482837528
1480C1920,Olivedal nordvästra,31,1.2669717122388222,172.2783657279596,0.0013461525250450443,43478.39223846287,414.1,1242,668,0.8365539452495975,0.16344605475040258,0.03953147877013177,0.2005856515373353,0.20351390922401172,0.541727672035139,0.014641288433382138,0.511049723756906,0.4889502762430939,0,309,0.4625748502994012
1480C3720,Linnarhult-Gunnilse,855,1.2669047564513836,189.84095738552304,0.034674032221421174,13819446.102888139,363.7,2461,822,0.5375863470134092,0.4624136529865908,0.11961722488038277,0.3843700159489633,0.16507177033492823,0.28708133971291866,0.043859649122807015,0.03821656050955414,0,0.9617834394904459,1125,1.3686131386861313
1480C2350,Heden västra,108,1.2660536055631324,180.38565694802213,0.001124483688341143,323266.45071976975,413.7,1596,917,0.7343358395989975,0.2656641604010025,0.05561497326203209,0.306951871657754,0.18823529411764706,0.41497326203208557,0.034224598930481284,0.5639476334340383,0.43605236656596175,0,398,0.4340239912758997
1480C2140,Hjuvik,733,1.265799487075102,202.6230696431059,0.01375210461508568,17409824.39291082,503.6,2709,957,0.8981173864894795,0.10188261351052048,0.03433777154870357,0.2859145059565522,0.2018220042046251,0.46320953048353186,0.014716187806587245,0.010775862068965518,0.17025862068965517,0.8189655172413793,1147,1.1985370950888192
1480C1220,Ängås,227,1.2652667823099228,196.34433597302845,0.0053359369652256645,1240594.7652152055,287.9,1970,849,0.47868020304568526,0.5213197969543147,0.15160642570281124,0.3755020080321285,0.15060240963855423,0.28413654618473894,0.03815261044176707,0.6645299145299145,0.0202991452991453,0.31517094017094016,604,0.7114252061248527
1480C1600,Guldheden södra,52,1.2649734363809846,191.0062042560357,0.002550029764759352,283318.23661157716,305.7,2144,1298,0.71875,0.28125,0.07226107226107226,0.23776223776223776,0.17793317793317792,0.4933954933954934,0.018648018648018648,0.8088235294117647,0.1889705882352941,0.0022058823529411764,484,0.3728813559322034
1480C3190,Utby,142,1.2642742398245477,212.04863036942587,0.016501809637780147,1163430.590948488,400.5,1611,541,0.7796399751707014,0.22036002482929856,0.05301204819277108,0.28433734939759037,0.20481927710843373,0.43132530120481927,0.02650602409638554,0.07721280602636535,0.032015065913371,0.8907721280602636,616,1.1386321626617375
1480C3290,Backa Röd,74,1.2630163607747933,233.11545889674895,0.014268153321222497,186566.2214398712,240.3,2569,1144,0.2526274815103153,0.7473725184896847,0.1852603110209601,0.3887762001352265,0.17173766058147397,0.21433400946585532,0.03989181879648411,1,0,0,490,0.42832167832167833
1480C2890,Svartedalen östra,216,1.2629003249258464,219.90650512973116,0.015870423479980463,410532.27881407656,306.8,2368,1043,0.4222972972972973,0.5777027027027027,0.1589825119236884,0.3799682034976153,0.1271860095389507,0.28537360890302066,0.04848966613672496,0.0027906976744186047,0.7255813953488373,0.27162790697674416,730,0.6999041227229147
1480C2920,Kålltorp Vidkärr,130,1.2628203015375836,208.99925970320368,0.0014482030020109967,226419.92159618184,367.7,1247,835,0.785084202085004,0.214915797914996,0.053117782909930716,0.3418013856812933,0.19861431870669746,0.394919168591224,0.011547344110854504,0.434881087202718,0.5583238958097395,0.006795016987542469,351,0.42035928143712575
1480C2230,Lorensberg-Vasastaden övre,64,1.2627584336736284,209.06287315717887,0.0017045836294531875,137408.00184759148,437.1,1883,1003,0.7243759957514604,0.27562400424853956,0.04911433172302738,0.26570048309178745,0.1964573268921095,0.4492753623188406,0.039452495974235106,0.5588499550763701,0.4411500449236298,0,417,0.41575274177467597
1480C1340,Frölunda torg västra,25,1.2625710350613468,210.33332247969986,0.0026710668532199428,158665.72115318172,303.9,2023,911,0.26396440929312903,0.736035590706871,0.12043189368770764,0.31478405315614616,0.16362126245847175,0.3380398671096346,0.06312292358803986,0.5972660357518401,0.4027339642481598,0,351,0.38529088913282106
1480C2930,Kvillebäcken Wieselgrensplatsen,66,1.26243401266397,211.67033925688898,0.0022143312360428293,131682.17961172684,295.5,1418,914,0.5352609308885754,0.46473906911142454,0.10231023102310231,0.33003300330033003,0.2002200220022002,0.34763476347634764,0.019801980198019802,0.8435870698644421,0.15641293013555788,0,310,0.33916849015317285
1480C2250,Haga,86,1.2608888439903632,225.91090232575277,0.0019331416996849515,246210.14511064562,394.4,1836,951,0.7652505446623094,0.23474945533769062,0.05741626794258373,0.26507177033492824,0.19138755980861244,0.47368421052631576,0.012440191387559809,0.7719475277497477,0.22805247225025227,0,374,0.3932702418506835
1480C2160,Majorna Hängmattan,58,1.2604194201792678,230.13769241340347,0.001560971232317014,114450.96215555644,358.7,1858,989,0.7238966630785791,0.27610333692142086,0.07572992700729927,0.3266423357664234,0.18248175182481752,0.3968978102189781,0.01824817518248175,0.7970297029702971,0.20297029702970298,0,423,0.4277047522750253
1480C2020,Annedal-Änggården,73,1.2602654695608508,231.62812960781497,0.0025771101715994058,96012.12806298946,400.4,2133,1204,0.790436005625879,0.20956399437412096,0.03365384615384615,0.2283653846153846,0.16346153846153846,0.5424679487179487,0.03205128205128205,0.39874902267396406,0.5895230648944488,0.011727912431587178,539,0.4476744186046512
1480C1990,Olivedal Kommendantsängen,9,1.2601887404063346,233.81565690204897,0.0039915613648756456,35559.585575380275,429.5,1447,846,0.801658604008293,0.19834139599170697,0.021664766248574687,0.20410490307867732,0.1790193842645382,0.5689851767388826,0.026225769669327253,0.37472035794183445,0.6252796420581656,0,358,0.4231678486997636
1480C3270,Länsmansgården norra,61,1.2600729886351283,235.93518581573863,0.008001164603578243,290816.45313991315,295,1883,764,0.3228890069038768,0.6771109930961232,0.17042115572967678,0.40646425073457393,0.12830558276199805,0.23310479921645447,0.061704211557296766,0.48514851485148514,0.5061881188118812,0.008663366336633664,518,0.6780104712041884
1480C1050,Billdal Brottkärr,568,1.258010035361207,265.15283656823357,0.018369934629536427,6547113.757504538,519.8,1870,691,0.8502673796791443,0.1497326203208556,0.02292576419213974,0.20087336244541484,0.17467248908296942,0.5884279475982532,0.013100436681222707,0.06917293233082707,0.14135338345864662,0.7894736842105263,811,1.1736613603473227
1480C1940,Olivedal Kommendantsängen,33,1.2575931454436482,254.46098809849596,0.002841811889642798,41890.19598470074,432.7,1556,833,0.7872750642673522,0.2127249357326478,0.02219482120838471,0.21085080147965474,0.21085080147965474,0.5376078914919852,0.018495684340320593,0.13023782559456398,0.869762174405436,0,429,0.5150060024009604
1480C2330,Vasastaden västra,96,1.2571569198027917,257.90924928693477,0.0015837413252214423,191522.70469243854,400.8,1352,732,0.7322485207100592,0.2677514792899408,0.05017921146953405,0.2831541218637993,0.19952210274790919,0.4157706093189964,0.05137395459976105,0.6219931271477663,0.3745704467353952,0.003436426116838488,328,0.44808743169398907
1480C1660,Krokslätt Mossen,56,1.2569581264994054,266.10695388507014,0.0036956434869276893,216441.3177523746,65.7,1528,1146,0.6178010471204188,0.38219895287958117,0.006144393241167435,0.039938556067588324,0.21658986175115208,0.6328725038402457,0.10445468509984639,0.8747007182761373,0.1149241819632881,0.010375099760574621,132,0.11518324607329843
1480C2190,Heden västra,24,1.2560336758532706,267.21383724566635,0.002736254851745867,60699.72018483842,431.3,1385,751,0.7805054151624549,0.21949458483754514,0.052884615384615384,0.2692307692307692,0.21033653846153846,0.42427884615384615,0.04326923076923077,0.5187793427230047,0.4812206572769953,0,375,0.4993342210386152
1480C2380,Heden västra,100,1.2555152501868017,272.62598613018014,0.001546802489166692,234090.56580675032,379.1,1638,909,0.7026862026862026,0.2973137973137973,0.0777027027027027,0.3367117117117117,0.20270270270270271,0.36036036036036034,0.02252252252252252,0.5944503735325507,0.4055496264674493,0,406,0.44664466446644663
1480C2580,Lunden Danska vägen,22,1.2554562662801694,272.7698623237552,0.0030020563930865675,65226.920640690696,352.3,1589,1070,0.7960981749528006,0.2039018250471995,0.04521276595744681,0.2854609929078014,0.2127659574468085,0.44592198581560283,0.010638297872340425,0.7597173144876325,0.24028268551236748,0,384,0.35887850467289717
1480C2280,Vasastaden västra,49,1.2553295915680331,273.8350088235218,0.0023300302467852536,166417.3768043901,385.9,1767,998,0.7062818336162988,0.2937181663837012,0.05272727272727273,0.2636363636363636,0.17909090909090908,0.45181818181818184,0.05272727272727273,0.6704438149197356,0.3295561850802644,0,342,0.342685370741483
1480C2070,Olivedal Kommendantsängen,26,1.2543813634819971,283.61469149090374,0.003392721535356485,53553.24893209677,362.6,1316,788,0.7537993920972644,0.24620060790273557,0.02142857142857143,0.1976190476190476,0.20833333333333334,0.525,0.047619047619047616,0.5598591549295775,0.44014084507042256,0,269,0.3413705583756345
1480C2220,Stigberget,106,1.2537708501872407,288.1822873075176,0.0029441824150571575,180964.88901127566,355.1,1544,765,0.7694300518134715,0.23056994818652848,0.07097457627118645,0.25,0.1853813559322034,0.4872881355932203,0.006355932203389831,0.8903803131991052,0.10850111856823266,0.0011185682326621924,299,0.3908496732026144
1480C1720,Guldheden mellersta,92,1.252549477376682,304.1135312039756,0.004119631603777965,291556.4220315281,316.7,1367,887,0.7139722019019751,0.28602779809802487,0.08044554455445545,0.23886138613861385,0.1844059405940594,0.4900990099009901,0.006188118811881188,1,0,0,313,0.3528748590755355
1480C3360,Tuve östra,585,1.2520648911058305,317.3225326759698,0.00533631480283383,1696336.5358211277,385.5,2940,1303,0.6557823129251701,0.3442176870748299,0.07185234014502308,0.35596572181938035,0.18787079762689518,0.34278180619644033,0.04152933421226104,0.1882716049382716,0.45987654320987653,0.35185185185185186,1048,0.8042977743668457
1480C2030,Olivedal nordvästra,29,1.2518484921356376,303.8022667039088,0.0025766023100417383,69816.81356862506,408.7,1997,1078,0.8122183274912369,0.18778167250876315,0.03467741935483871,0.23790322580645162,0.19032258064516128,0.5193548387096775,0.017741935483870968,0.4586739327883742,0.5413260672116258,0,454,0.42115027829313545
1480C1890,Landala södra,77,1.2516302934688237,308.1768360778427,0.0016334560744962318,78520.32863086717,226.8,1544,1011,0.6722797927461139,0.327720207253886,0.08160919540229886,0.25632183908045975,0.20344827586206896,0.4126436781609195,0.04597701149425287,1,0,0,232,0.2294757665677547
1480C2050,Masthugget övre Bangatan,25,1.2515588633762424,307.37834101868674,0.0022508295827921793,90793.74680566572,408.1,1921,1045,0.8578865174388339,0.14211348256116607,0.0199479618386817,0.14570685169124023,0.199479618386817,0.6201214223764093,0.014744145706851692,0.21153846153846154,0.7884615384615384,0,435,0.41626794258373206
1480C1310,Skattegården,108,1.2513178392644781,341.98804899005773,0.0034612794154871207,412940.69160764874,310.8,2710,1192,0.5247232472324723,0.4752767527675277,0.13443072702331962,0.43689986282578874,0.13991769547325103,0.24622770919067216,0.04252400548696845,0.9537337662337663,0,0.04626623376623377,693,0.5813758389261745
1480C1570,Kallebäck västra,143,1.2511074751860332,312.0273692292664,0.0022839500898806523,569162.014017973,319.2,3191,1811,0.5459103729238484,0.4540896270761517,0.039901477832512314,0.21724137931034482,0.2187192118226601,0.4714285714285714,0.05270935960591133,0.7495387453874539,0.25,4.6125461254612545e-4,626,0.34566537824406407
1480C2200,Masthugget Masthuggsterassen,20,1.2509898859620334,316.132419674909,0.0021386301790118794,85851.49039632114,386.8,1550,844,0.8032258064516129,0.1967741935483871,0.020731707317073172,0.1951219512195122,0.19146341463414634,0.5817073170731707,0.01097560975609756,0,1,0,430,0.509478672985782
1480C2010,Landala norra,26,1.2504210408092573,316.736502794956,0.001900324323184663,73754.09454059189,396,1668,940,0.7997601918465228,0.20023980815347722,0.041379310344827586,0.23842364532019705,0.19113300492610838,0.5064039408866995,0.022660098522167486,0.6464746772591857,0.3535253227408143,0,374,0.39787234042553193
1480C2460,Inom Vallgraven,236,1.2502548471185657,319.1902697267754,0.0023166058978966136,580447.2047950851,387.4,2089,1274,0.6835806606031594,0.3164193393968406,0.053910402429764616,0.24829157175398633,0.18375094912680334,0.48367501898253606,0.030372057706909643,0.5038284839203675,0.49617151607963245,0,430,0.33751962323390894
1480C1880,Kungsladugård Älvsborgsgatan,158,1.249456948679686,327.7825174660531,0.0018823194989511908,407841.2884292293,338.9,2036,1211,0.7902750491159135,0.20972495088408644,0.06471494607087827,0.29583975346687214,0.20801232665639446,0.41294298921417566,0.01848998459167951,0.7537728355837967,0.24622716441620335,0,511,0.42196531791907516
1480C1730,Guldheden mellersta,156,1.2493827537208853,332.16437092291966,0.004325154294316112,178708.23865442708,343.7,1653,1002,0.779794313369631,0.22020568663036902,0.026881720430107527,0.14408602150537633,0.15483870967741936,0.6473118279569893,0.026881720430107527,0.4939759036144578,0.41334569045412417,0.09267840593141798,386,0.3852295409181637
1480C2290,Eriksberg,46,1.2487331347502786,332.8879759381166,0.003687453250979112,294473.7314494754,394.6,1787,920,0.7241186345831002,0.27588136541689984,0.0975609756097561,0.35920177383592017,0.188470066518847,0.33370288248337027,0.02106430155210643,0.6041884816753926,0.3958115183246073,0,553,0.6010869565217392
1480C2090,Olivedal nordvästra,26,1.2486851263957972,332.00343275683633,0.0028840993059043797,56636.198998191736,420,1703,968,0.7704051673517323,0.22959483264826777,0.048828125,0.212890625,0.1865234375,0.5302734375,0.021484375,0.2898406374501992,0.7101593625498008,0,428,0.44214876033057854
1480C2110,Lorensberg-Vasastaden övre,180,1.2485020178669102,334.59090765404534,0.0016850857564219947,399339.5583459627,425.7,1813,997,0.7953667953667953,0.20463320463320464,0.0559662090813094,0.24498416050686378,0.17529039070749736,0.47729672650475186,0.046462513199577615,0.5817051509769094,0.41207815275310833,0.006216696269982238,569,0.5707121364092277
1480C2470,Stampen östra,97,1.248280189330717,336.9381156214954,0.0012750458919529274,139714.23952172883,357.5,1799,1081,0.6937187326292384,0.30628126737076156,0.07472959685349066,0.31268436578171094,0.1927236971484759,0.3972468043264503,0.02261553588987217,0.5416301489921121,0.4583698510078878,0,416,0.38482886216466233
1480C2400,Lindholmen,83,1.2482620046910622,337.4615174206697,0.002340150777031107,314518.32313495566,399.3,1828,961,0.7757111597374179,0.22428884026258206,0.04039408866995074,0.2482758620689655,0.22660098522167488,0.470935960591133,0.013793103448275862,0.4031465093411996,0.5555555555555556,0.04129793510324484,579,0.6024973985431842
1480C2650,Stampen västra,570,1.2466656832571616,354.80292369207797,0.002608310608276031,1675765.5184642551,353.9,1978,1278,0.6890798786653185,0.3109201213346815,0.04696531791907514,0.2991329479768786,0.1972543352601156,0.4067919075144509,0.04985549132947977,0.9598765432098766,0.040123456790123455,0,283,0.2214397496087637
1480C1860,Johanneberg Chalmers,64,1.2457894300854888,358.3685898102227,0.0023068674422502982,101761.7062755213,284.3,1892,1239,0.6627906976744186,0.3372093023255814,0.03234750462107209,0.18391866913123844,0.17282809611829944,0.5425138632162662,0.06839186691312385,0.7718168812589413,0.22818311874105865,0,343,0.2768361581920904
1480C3260,Backa östra,454,1.245401833137817,366.69437215198946,0.0033084013914184943,1604355.0207918214,346.8,2113,762,0.493610979649787,0.5063890203502129,0.09532888465204957,0.42802669208770255,0.17349857006673022,0.26024785510009535,0.042897998093422304,0.011811023622047244,0.22440944881889763,0.7637795275590551,852,1.1181102362204725
1480C2600,Olskroken,54,1.2449451791789505,364.988255313229,0.0035458773193873115,115154.16275122094,346.8,1346,770,0.7436849925705795,0.2563150074294205,0.07204968944099378,0.3416149068322981,0.1937888198757764,0.3826086956521739,0.009937888198757764,0.8053097345132744,0.19469026548672566,0,336,0.43636363636363634
1480C1350,Frölunda torg östra,18,1.2444628585189448,369.17475039626424,0.0034874657306954993,98551.56627323148,221.5,2008,1091,0.36703187250996017,0.6329681274900398,0.1412535079513564,0.3264733395696913,0.19083255378858746,0.29186155285313375,0.04957904583723106,0.9607329842931938,0.03926701570680628,0,314,0.28780934922089824
1480C2260,Heden östra,409,1.2444461417716017,372.6098119414116,0.0021633439752232844,931230.4339929979,277.9,1327,890,0.6488319517709118,0.35116804822908815,0.0739247311827957,0.24731182795698925,0.23118279569892472,0.3924731182795699,0.05510752688172043,0.6934097421203438,0.30659025787965616,0,200,0.2247191011235955
1480C2130,Masthugget övre Vegagatan,22,1.243629014198001,376.3194561484372,0.0027514330854660177,62233.536984776816,370.2,1553,929,0.7527366387636832,0.24726336123631681,0.03575076608784474,0.2410623084780388,0.20122574055158324,0.4851889683350358,0.03677221654749745,0.49291497975708504,0.507085020242915,0,324,0.348762109795479
1480C2880,Rambergsstaden östra,22,1.2434388932661073,378.8006972547896,0.0029304670662531015,74929.9111436275,344.7,1486,893,0.6218034993270525,0.3781965006729475,0.06116207951070336,0.3007135575942915,0.20081549439347604,0.4087665647298675,0.02854230377166157,0.4940923737916219,0.505907626208378,0,315,0.3527435610302352
1480C1370,Frölunda torg västra,133,1.2428622394860924,390.875338969416,0.0019525872727773916,256762.6831819222,271.8,1599,731,0.407754846779237,0.592245153220763,0.1760644418872267,0.4315304948216341,0.13578826237054084,0.22094361334867663,0.03567318757192175,0.8277703604806409,0.09612817089452604,0.07610146862483311,378,0.5170998632010944
1480C2370,Inom Vallgraven,268,1.2424148239341526,389.18116757072755,0.002580911765080169,486798.52719193464,449.1,2002,1153,0.7142857142857143,0.2857142857142857,0.04361132364192808,0.21652639632746748,0.17750573833205815,0.5172149961744453,0.045141545524101,0.36419753086419754,0.6358024691358025,0,412,0.35732870771899394
1480C1930,Masthugget övre Vegagatan,20,1.2422784625485395,390.60176133865514,0.001590423304417361,54770.548293474596,364.8,1450,833,0.7917241379310345,0.2082758620689655,0.03870162297128589,0.2534332084893883,0.21098626716604243,0.46941323345817726,0.02746566791510612,0.6292629262926293,0.37073707370737075,0,290,0.34813925570228094
1480C3440,Bergsjön centrala,82,1.2415013502086603,428.53270660423686,0.021659263641048976,540700.9578376608,304.8,1424,519,0.33075842696629215,0.6692415730337079,0.1698595146871009,0.3946360153256705,0.14814814814814814,0.22860791826309068,0.05874840357598978,0.016917293233082706,0.5657894736842105,0.41729323308270677,451,0.8689788053949904
1480C2520,Stampen västra,100,1.2406784588424602,405.79730428956077,0.002523081099369688,201611.48170423057,447.5,1254,624,0.5988835725677831,0.4011164274322169,0.054567022538552785,0.29537366548042704,0.20047449584816132,0.4258600237247924,0.02372479240806643,0.48466257668711654,0.5153374233128835,0,305,0.48878205128205127
1480C3710,Hammarkullen yttre,44,1.2401698034302904,437.74313775609556,0.012684184207244936,545251.5161748872,226.5,1872,600,0.16880341880341881,0.8311965811965812,0.2591324200913242,0.384703196347032,0.1324200913242009,0.18949771689497716,0.03424657534246575,0.8412438625204582,0,0.15875613747954173,342,0.57
1480C3680,Hjällbo östra,68,1.2398422416446584,412.5242238410215,0.003287818610069539,673037.5134258128,247.9,1963,708,0.12429954151808456,0.8757004584819155,0.26172607879924953,0.3902439024390244,0.1350844277673546,0.16604127579737335,0.04690431519699812,0.8587105624142661,0,0.1412894375857339,477,0.673728813559322
1480C2940,Kvillebäcken Wieselgrensplatsen,34,1.2391312135882968,416.31427162572254,0.004148797855370027,95609.6905492859,322.8,1755,1155,0.5612535612535613,0.43874643874643876,0.07894736842105263,0.3320433436532508,0.1780185758513932,0.36764705882352944,0.043343653250773995,0.8196856906534326,0.18031430934656742,0,312,0.2701298701298701
1480C2120,Vasastaden västra,45,1.237765713332707,429.55887895721287,0.00204797373493534,109199.47731641095,413.3,2012,1117,0.7932405566600398,0.20675944333996024,0.026714158504007122,0.2341941228851291,0.18432769367764915,0.5342831700801425,0.020480854853072127,0.3687707641196013,0.6312292358803987,0,492,0.4404655326768129
1480C2410,Eriksberg,163,1.2349364513032024,456.38448737937955,0.0024864310025429458,442751.281334985,401.7,1549,794,0.7191736604260813,0.28082633957391867,0.057034220532319393,0.3105196451204056,0.19138149556400508,0.4157160963244613,0.025348542458808618,0.1523579201934704,0.8101571946795647,0.037484885126964934,527,0.663727959697733
1480C1970,Landala norra,36,1.2339904476378574,462.11052965765094,0.002552163635601878,117407.58205916653,304.8,1744,1075,0.6737385321100917,0.32626146788990823,0.08651911468812877,0.2987927565392354,0.19114688128772636,0.40040241448692154,0.023138832997987926,0.9707446808510638,0.02925531914893617,0,370,0.34418604651162793
1480C1770,Krokslätt norra,181,1.2339394788448732,466.780975919811,0.0028197795165896913,372625.79895105417,380.7,1767,909,0.7153367289190719,0.28466327108092815,0.04873294346978557,0.23391812865497075,0.19980506822612085,0.4766081871345029,0.04093567251461988,0.6300102774922919,0.32168550873586843,0.048304213771839674,453,0.49834983498349833
1480C1700,Kungsladugård Kungsladugårdsgatan,327,1.2335944166378727,467.57262148376,0.002780908858500143,379284.89969517157,319.8,2055,1019,0.8476885644768857,0.15231143552311435,0.05810684161199625,0.17713214620431114,0.1696344892221181,0.569821930646673,0.02530459231490159,0.46522131887985546,0.25203252032520324,0.2827461607949413,556,0.5456329735034348
1480C3410,Skälltorp Selma Lagerlöfs torg,85,1.2335237348169843,469.1710093840462,0.0028256050468423626,225060.57315020528,223.9,2031,1163,0.3151157065484983,0.6848842934515017,0.1841409691629956,0.39383259911894275,0.173568281938326,0.20704845814977973,0.04140969162995595,0.9122055674518201,0.08779443254817987,0,344,0.29578675838349094
1480C2180,Masthugget Masthuggsterassen,18,1.2334648199501812,473.4988207928601,0.0025420651274568637,70009.56065591049,376.3,1531,913,0.806009144350098,0.19399085564990204,0.02702702702702703,0.21837837837837837,0.17405405405405405,0.56,0.02054054054054054,0.400208986415883,0.599791013584117,0,338,0.3702081051478642
1480C2170,Majorna Hängmattan,200,1.2332754335274416,470.06552631916884,0.0024099282736140385,483585.31405941845,305.3,1688,1013,0.7014218009478673,0.2985781990521327,0.07505070993914807,0.3286004056795132,0.1997971602434077,0.3803245436105477,0.016227180527383367,0.8771331058020477,0.12286689419795221,0,336,0.33168805528134254
1480C1790,Kungsladugård Älvsborgsgatan,42,1.2331588783267498,469.06594088039117,0.003911140899564128,110639.20361710341,325.8,1593,908,0.810420590081607,0.18957940991839298,0.07051909892262488,0.22428991185112634,0.21841332027424093,0.4701273261508325,0.01665034280117532,0.7083764219234746,0.29162357807652534,0,340,0.3744493392070485
1480C1830,Johanneberg västra,75,1.231877867880284,485.50920213977093,0.002907088941533034,174413.71664537094,328.6,2384,1524,0.7760067114093959,0.22399328859060402,0.028727770177838577,0.18673050615595074,0.19288645690834474,0.5567715458276333,0.03488372093023256,0.5444711538461539,0.45552884615384615,0,485,0.318241469816273
1480C3080,Brunnsbo torg,53,1.2314252038757187,488.77884137419005,0.003481152443395631,134011.24349362034,266,2332,1070,0.3589193825042882,0.6410806174957119,0.17312252964426877,0.3905138339920949,0.1399209486166008,0.25138339920948616,0.045059288537549404,0.9972552607502287,0,0.0027447392497712718,507,0.4738317757009346
1480C1480,Högsbotorp västra,88,1.2283598553025499,513.2193107610506,0.0033299449631074263,221171.35883188038,263.9,2005,1310,0.6473815461346634,0.35261845386533663,0.11521547933157432,0.32981530343007914,0.18293755496921724,0.3544415127528584,0.01759014951627089,1,0,0,415,0.31679389312977096
1480C3300,Länsmansgården norra,104,1.2281558004775637,541.47166455460615,0.0042148678695189045,1691315.4264538912,288,2138,910,0.27128157156220767,0.7287184284377923,0.20826446280991737,0.4049586776859504,0.13884297520661157,0.19504132231404958,0.05289256198347107,0.8317460317460318,0.1343915343915344,0.033862433862433865,508,0.5582417582417583
1480C2420,Lunden östra-Härlanda,88,1.22792194584577,520.0073937627845,0.004130044888376331,341341.96583662333,379.9,1958,1143,0.8008171603677222,0.19918283963227784,0.04471195184866724,0.21410146173688735,0.19776440240756663,0.5253654342218401,0.018056749785038694,0.5166666666666667,0.43833333333333335,0.045,571,0.4995625546806649
1480C2850,Rambergsstaden mellersta,88,1.2271780174727251,523.5425904929564,0.004115868746524356,198712.90151519916,353.6,2250,1253,0.5262222222222223,0.4737777777777778,0.06113207547169811,0.2807547169811321,0.18415094339622642,0.4505660377358491,0.02339622641509434,0.37904893177119225,0.6209510682288077,0,559,0.4461292897047087
1480C1320,Järnbrott,128,1.2264791043325092,549.820274613302,0.0030872853384898424,352707.05357517744,317.9,1909,1165,0.7176532215819801,0.2823467784180199,0.09099099099099099,0.3864864864864865,0.1783783783783784,0.3261261261261261,0.018018018018018018,0.5012145748987854,0.47044534412955463,0.02834008097165992,615,0.5278969957081545
1480C2540,Lunden Danska vägen,51,1.2263384547315581,539.7199855398525,0.0028846369469505227,119977.07086211289,384.1,1960,1159,0.8219387755102041,0.17806122448979592,0.04631927212572374,0.315136476426799,0.19851116625310175,0.4218362282878412,0.018196856906534328,0.7311396468699839,0.26886035313001605,0,492,0.4245038826574633
1480C1620,Krokslätt södra,340,1.2256589194315455,539.3140064210935,0.0029561628003965577,526249.0963520315,406.5,3048,1709,0.6912729658792651,0.30872703412073493,0.029397590361445784,0.20722891566265061,0.1744578313253012,0.5508433734939759,0.038072289156626506,0.30019120458891013,0.624282982791587,0.07552581261950286,673,0.3937975424224693
1480C3420,Tuve västra,87,1.2255584489731794,568.4477221613458,0.010787712118544956,487532.90967141977,377.1,2113,878,0.6725035494557501,0.32749645054424986,0.0740072202166065,0.4268953068592058,0.18231046931407943,0.30505415162454874,0.011732851985559567,0,0.47704367301231804,0.522956326987682,777,0.8849658314350797
1480C1670,Krokslätt södra,91,1.2248006109990788,547.5596903298377,0.003525159213001179,240350.68146306288,293.9,2021,1179,0.7367639782285997,0.2632360217714003,0.037102473498233215,0.23586572438162545,0.16696113074204946,0.5362190812720848,0.023851590106007067,0.8234836702954899,0.11741835147744946,0.05909797822706065,428,0.363019508057676
1480C2550,Lunden västra,29,1.2239963474384958,551.5110580654914,0.0037205854386226527,70848.09747986333,372.5,1718,1065,0.8166472642607684,0.18335273573923166,0.043327556325823226,0.2824956672443674,0.21577123050259966,0.4341421143847487,0.024263431542461005,0.7699115044247787,0.23008849557522124,0,391,0.3671361502347418
1480C3890,Gårdsten nordöstra,49,1.2232277407830434,561.648782244835,0.003265321063199213,558392.45441468,271.3,2555,970,0.11545988258317025,0.8845401174168297,0.17779390420899854,0.465166908563135,0.13642960812772134,0.1509433962264151,0.06966618287373004,0.9259259259259259,0,0.07407407407407407,664,0.6845360824742268
1480C1680,Krokslätt södra,123,1.223204194215636,561.746085098078,0.0028405460213551297,268158.36299119465,364.4,2574,1618,0.7261072261072261,0.2738927738927739,0.04786923525977817,0.23642732049036777,0.21132516053706946,0.4845300642148278,0.0198482194979568,0.696195652173913,0.30380434782608695,0,559,0.34548825710754016
1480C2820,Södra Biskopsgården östra,50,1.2228119654153145,586.2311134111786,0.015290747043408295,231444.3556861198,267.5,2642,847,0.17562452687358063,0.8243754731264193,0.16038382453735436,0.3036326250856751,0.1418779986291981,0.26593557230980125,0.1281699794379712,1,0,0,471,0.5560802833530106
1480C3320,Kortedala  södra,95,1.2214482111026055,596.470676925323,0.007029222286822538,363347.97466166166,321.6,1747,787,0.5397824842587292,0.46021751574127073,0.12146596858638743,0.3612565445026178,0.16230366492146597,0.3308900523560209,0.024083769633507852,0.818069306930693,0.03217821782178218,0.14975247524752475,479,0.6086404066073697
1480C1850,Johanneberg Chalmers,187,1.2212051796315337,581.1096157256518,0.003652024872685128,369562.4968029738,291.3,2407,1554,0.7536352305774824,0.24636476942251764,0.023731587561374796,0.16775777414075285,0.20621931260229132,0.5490998363338789,0.05319148936170213,0.724477958236659,0.27552204176334105,0,516,0.33204633204633205
1480C3970,Lövgärdet,96,1.22080730150389,634.6150289676449,0.017773638477031804,1844926.594844335,252.4,1633,614,0.16350275566442132,0.8364972443355787,0.2576530612244898,0.40433673469387754,0.14540816326530612,0.12244897959183673,0.07015306122448979,0.7424960505529226,0,0.2575039494470774,427,0.6954397394136808
1480C3000,Kvillebäcken Björlandavägen,104,1.2201778161704098,587.5244841306335,0.0034337253386038445,304547.0109620234,347,1676,901,0.5596658711217184,0.4403341288782816,0.061895551257253385,0.27176015473887816,0.1827852998065764,0.43036750483558994,0.05319148936170213,0.41376146788990825,0.38440366972477064,0.2018348623853211,421,0.4672586015538291
1480C1430,Kaverös,40,1.2186112324003318,599.0310571002078,0.003042020345521548,153753.516623922,357.1,1601,814,0.7239225484072455,0.27607745159275454,0.04079254079254079,0.2400932400932401,0.19230769230769232,0.506993006993007,0.019813519813519812,0.01182033096926714,0.9881796690307328,0,514,0.6314496314496314
1480C2970,Svartedalen östra,88,1.2184454748000724,619.0563131483193,0.014403220494462863,420267.6252239752,329.4,2662,1332,0.3854244928625094,0.6145755071374907,0.11425061425061425,0.3759213759213759,0.1511056511056511,0.32186732186732187,0.036855036855036855,0.8823953823953824,0.11544011544011544,0.0021645021645021645,624,0.46846846846846846
1480C1270,Tofta,170,1.2151308075535763,705.5239339208013,0.003079742345810129,600696.5679922735,268,1633,897,0.5511328842620943,0.4488671157379057,0.17302452316076294,0.4332425068119891,0.1553133514986376,0.2220708446866485,0.01634877384196185,0.8703703703703703,0.12962962962962962,0,469,0.5228539576365663
1480C1780,Kungsladugård Älvsborgsgatan,46,1.2123955125915515,656.4964562078849,0.005159374951184623,178093.92144057612,353.5,2044,1099,0.8317025440313112,0.16829745596868884,0.0631911532385466,0.2527646129541864,0.21958925750394945,0.4589257503949447,0.005529225908372828,0.7982758620689655,0.20172413793103447,0,483,0.4394904458598726
1480C2490,Stampen östra,11,1.2123248803918996,655.6717771247648,0.0022174485729215348,44035.836912063365,393.4,1833,1041,0.6939443535188216,0.3060556464811784,0.04078164825828377,0.2812234494477485,0.19541206457094307,0.45964316057774,0.022939677145284623,0.42792792792792794,0.5720720720720721,0,431,0.4140249759846302
1480C2840,Kålltorp Vidkärr,59,1.2119269325585442,662.531982684409,0.0037760891427927774,233055.58463671798,379.5,2309,1272,0.7566045907319185,0.24339540926808143,0.03838245373543523,0.2686771761480466,0.19465387251542152,0.4612748457847841,0.037011651816312545,0.5334805003679176,0.4451802796173657,0.021339220014716703,601,0.4724842767295597
1480C2760,Redbergslid,47,1.2097521138036202,681.5895506482325,0.005019523437267371,114202.11022152459,398.9,1314,656,0.8508371385083714,0.1491628614916286,0.0407911001236094,0.22867737948084055,0.20024721878862795,0.5142150803461063,0.016069221260815822,0.40086830680173663,0.5774240231548481,0.02170767004341534,327,0.49847560975609756
1480C3380,Kortedala sydöstra,81,1.2094962035930557,689.4989227706353,0.003382752514995045,309395.3615061383,227.2,2007,1065,0.3183856502242152,0.6816143497757847,0.20254237288135593,0.3855932203389831,0.1669491525423729,0.2076271186440678,0.03728813559322034,0.9780666125101544,0.021933387489845652,0,384,0.36056338028169016
1480C3160,Brunnsbo norra,1062,1.2080859408690707,825.5214160026718,0.00759607874668963,2822711.292485332,360.5,2627,936,0.5074229158736201,0.4925770841263799,0.07879656160458452,0.330945558739255,0.17406876790830947,0.3674785100286533,0.04871060171919771,0.2872340425531915,0.014893617021276596,0.6978723404255319,958,1.0235042735042734
1480C2150,Masthugget övre Bangatan,36,1.2074469753796246,710.0815778959003,0.004326110086094583,151381.00766478482,315,1819,1078,0.7575590984057174,0.24244090159428258,0.04331087584215592,0.20596727622714148,0.21751684311838307,0.4937439846005775,0.03946102021174206,0.6313088109495295,0.3686911890504705,0,382,0.35435992578849723
1480C1950,Krokslätt norra,39,1.20682879856302,709.5468620354948,0.0030509388408962923,93881.94477274646,394.9,1709,939,0.7840842598010532,0.21591574019894674,0.04784688995215311,0.2669856459330144,0.20478468899521532,0.4602870813397129,0.020095693779904306,0.6331360946745562,0.3668639053254438,0,415,0.44195953141640043
1480C1750,Kungsladugård Kungsladugårdsgatan,33,1.206765791185225,728.3327386730036,0.003980880102843963,139446.71037536775,329.1,1726,1031,0.8006952491309386,0.1993047508690614,0.06905594405594405,0.2867132867132867,0.20279720279720279,0.4318181818181818,0.009615384615384616,0.842843779232928,0.15715622076707203,0,376,0.3646944713870029
1480C2700,Kyrkbyn östra,188,1.2045281449835767,735.4342673391361,0.005245607186421856,396597.9568491153,332.9,1517,845,0.6506262359920897,0.34937376400791037,0.0889132821075741,0.3611416026344676,0.15477497255762898,0.3468715697036224,0.048298572996706916,0.7396149949341438,0.1773049645390071,0.08308004052684904,399,0.47218934911242605
1480C1610,Guldheden södra,30,1.2042292253641433,735.7368240830616,0.0046416908901751345,132611.01354549432,310.8,2127,1124,0.6577338975082275,0.3422661024917725,0.036155202821869487,0.18077601410934743,0.17989417989417988,0.5679012345679012,0.03527336860670194,0.642495784148398,0.357504215851602,0,406,0.3612099644128114
1480C3540,Tuve Norumshöjd,65,1.2038276577938334,744.512482949131,0.0040485049065067105,242969.49949989823,260.4,2327,957,0.38504512247529005,0.6149548775247099,0.20161943319838058,0.49230769230769234,0.1360323886639676,0.14736842105263157,0.022672064777327937,0.99706457925636,0,0.0029354207436399216,509,0.5318704284221526
1480C2670,Björkekärr Östra sjukhuset,56,1.2038022757524385,735.6327262744288,0.004859135703032103,258136.73485753228,339.1,2063,1046,0.7275811924381969,0.2724188075618032,0.09965034965034965,0.3243006993006993,0.16083916083916083,0.40821678321678323,0.006993006993006993,0.6273127753303964,0.3312775330396476,0.04140969162995595,591,0.5650095602294455
1480C3480,Skälltorp Bäckebol,221,1.2035563475314097,748.0006392278883,0.0027509970065987197,952633.8206680039,296.9,1873,920,0.32835024025627335,0.6716497597437266,0.11608961303462322,0.43584521384928715,0.15478615071283094,0.2209775967413442,0.07230142566191446,0.09219858156028368,0.9078014184397163,0,577,0.6271739130434782
1480C1870,Majorna Gråberget,51,1.2011803542353283,780.4396069101127,0.0041310844868797545,155290.77561493812,349.1,2083,1242,0.771483437349976,0.228516562650024,0.06188118811881188,0.25165016501650167,0.18646864686468648,0.47112211221122113,0.028877887788778877,0.35248447204968947,0.6475155279503105,0,573,0.4613526570048309
1480C1760,Johanneberg västra,51,1.2011177055199593,769.9699269569678,0.0030494491339868148,80963.38314219659,350.4,1654,1101,0.777509068923821,0.22249093107617895,0.029878618113912233,0.22969187675070027,0.16993464052287582,0.5368814192343604,0.03361344537815126,0.516750418760469,0.483249581239531,0,386,0.3505903723887375
1480C3060,Gamlestaden västra,115,1.2009476612005006,763.9023761675937,0.003969899991377948,259168.2184323863,320,2222,1129,0.5261026102610261,0.4738973897389739,0.07966457023060797,0.2914046121593291,0.19077568134171907,0.4116002795248078,0.026554856743535988,0.6680327868852459,0.3319672131147541,0,413,0.36581045172719223
1480C1540,Annedal-Änggården,743,1.2008094137079641,775.0193871361265,0.004345583939793404,4780086.411615411,343.6,1553,687,0.7875080489375402,0.21249195106245974,0.03587443946188341,0.16143497757847533,0.1554559043348281,0.5754857997010463,0.07174887892376682,0.5311750599520384,0.1211031175059952,0.34772182254196643,393,0.5720524017467249
1480C1980,Majorna Såggatan,56,1.1991564849302168,788.6538993756706,0.004533002071066674,134257.28265287707,359.3,1655,875,0.8211480362537764,0.17885196374622356,0.05593719332679097,0.2433758586849853,0.17369970559371933,0.5171736997055937,0.009813542688910697,0.6440489432703004,0.3559510567296997,0,371,0.424
1480C2990,Svartedalen västra,419,1.19892636503034,782.6060150993549,0.009632846648840907,720429.5343578638,366.8,2390,958,0.5811715481171548,0.4188284518828452,0.10287769784172662,0.302158273381295,0.1553956834532374,0.3971223021582734,0.04244604316546763,0.38360323886639675,0.03744939271255061,0.5789473684210527,750,0.7828810020876826
1480C3020,Norra Biskopsgården,88,1.198869446281559,879.769334470586,0.009001256541722851,1362769.8722225763,238.2,2090,715,0.17416267942583732,0.8258373205741627,0.2371234207968902,0.36345966958211856,0.14188532555879493,0.19922254616132168,0.05830903790087463,0.7195121951219512,0.24390243902439024,0.036585365853658534,413,0.5776223776223777
1480C3690,Hjällbo västra,30,1.1967726255514366,813.1810485139745,0.0016479685467291395,126350.20997676386,196.4,1955,641,0.07468030690537085,0.9253196930946291,0.3187042842215256,0.3667711598746082,0.13375130616509928,0.13166144200626959,0.04911180773249739,1,0,0,332,0.5179407176287052
1480C3840,Kärra centrum,237,1.1962421996217116,993.0482244555175,0.019119684761765867,1288834.7243658747,347.2,1677,742,0.6046511627906976,0.3953488372093023,0.09090909090909091,0.4794520547945205,0.17559153175591533,0.23038605230386053,0.023661270236612703,0.22325581395348837,0.49767441860465117,0.27906976744186046,613,0.8261455525606469
1480C3650,Skälltorp Bäckebol,462,1.1955582152428588,863.5670990129706,0.006310854658208177,3515616.4011108764,303.8,1259,633,0.3145353455123114,0.6854646544876887,0.10977443609022557,0.40601503759398494,0.16541353383458646,0.25413533834586466,0.06466165413533835,0.007692307692307693,0.9923076923076923,0,434,0.6856240126382307
1480C2800,Rambergsstaden östra,33,1.1950865032598565,813.6312419209694,0.003533016122275093,67423.47115863484,379.4,1395,834,0.5978494623655914,0.4021505376344086,0.07243460764587525,0.30482897384305835,0.1841046277665996,0.41146881287726356,0.02716297786720322,0.27519818799546997,0.72480181200453,0,339,0.4064748201438849
1480C2000,Stigberget,46,1.1943571140866505,820.0226510194378,0.004786101279969503,124169.60960849111,326,2166,1235,0.7982456140350878,0.20175438596491227,0.0664259927797834,0.2620938628158845,0.20144404332129964,0.4541516245487365,0.01588447653429603,0.9137529137529138,0.08624708624708624,0,440,0.3562753036437247
1480C2560,Lindholmen,559,1.1920403163763382,890.6434858141544,0.002727788749029436,2404727.1276542363,335.2,3320,2076,0.5262048192771084,0.47379518072289156,0.031929662193428965,0.14160111059694586,0.1892642295233688,0.5284590467376215,0.10874595094863489,0.5172602739726028,0.4827397260273973,0,504,0.24277456647398843
1480C2310,Överås,145,1.1915493383575773,845.9131386027515,0.005058426409323578,221066.48046537171,459.6,1256,542,0.8821656050955414,0.1178343949044586,0.024205748865355523,0.2087745839636914,0.19667170953101362,0.5582450832072617,0.012102874432677761,0.45750452079566006,0.21518987341772153,0.32730560578661844,392,0.7232472324723247
1480C2790,Olskroken,30,1.1908074111958074,852.6718852546603,0.006508658726834687,134335.26325363462,367.6,1474,835,0.7381275440976933,0.2618724559023066,0.06653426017874876,0.30089374379344586,0.20953326713008938,0.4051638530287984,0.01787487586891758,0.5945945945945946,0.40540540540540543,0,319,0.38203592814371257
1480C2340,Överås,223,1.190198210499055,860.9692319168158,0.005228349138106772,602907.3136962801,437.5,1229,462,0.7632221318144833,0.2367778681855167,0.03535353535353535,0.18686868686868688,0.18686868686868688,0.5269360269360269,0.06397306397306397,0.3691148775894539,0.11487758945386065,0.5160075329566854,415,0.8982683982683982
1480C3460,Kortedala nordvästra,103,1.1891046224402715,869.1588782539026,0.007411309351259063,914864.2809036187,299.9,2215,1062,0.4121896162528217,0.5878103837471783,0.12977707006369427,0.3853503184713376,0.1751592356687898,0.2770700636942675,0.03264331210191083,0.30919220055710306,0.6908077994428969,0,671,0.6318267419962336
1480C2640,Lunden östra-Härlanda,236,1.189057220703902,877.0328342988223,0.007004158713843692,574102.7950816555,423.4,1603,712,0.8640049906425452,0.13599500935745476,0.03858520900321544,0.2390139335476956,0.1939978563772776,0.5005359056806002,0.027867095391211148,0.3785900783289817,0.2924281984334204,0.3289817232375979,499,0.7008426966292135
1480C3760,Hammarkullen yttre,63,1.1890318782520353,905.0511688781066,0.010711812207433773,636393.5704901004,275.9,736,255,0.25407608695652173,0.7459239130434783,0.20241691842900303,0.4078549848942598,0.1540785498489426,0.21148036253776434,0.02416918429003021,0.03088803088803089,0,0.9691119691119691,285,1.1176470588235294
1480C2660,Södra Biskopsgården västra,221,1.1887415117188729,889.3985828806508,0.007315300339457361,2015437.095374871,265.3,1794,741,0.2140468227424749,0.7859531772575251,0.22210636079249219,0.3931178310740355,0.13138686131386862,0.20437956204379562,0.049009384775808136,0.375,0.4817708333333333,0.14322916666666666,443,0.5978407557354926
1480C3660,Eriksbo,38,1.1873234063457847,884.3821917480999,0.010395476246414272,227545.04012037476,224.7,1703,661,0.19025249559600704,0.8097475044039929,0.2822857142857143,0.37714285714285717,0.12114285714285715,0.15542857142857142,0.064,0.748159057437408,0.24742268041237114,0.004418262150220913,369,0.5582450832072617
1480C1200,Önnered,273,1.1865639926474296,950.0357118950853,0.010936651087884079,1025275.4906470659,431.8,2040,746,0.8274509803921568,0.17254901960784313,0.05159958720330237,0.28792569659442724,0.2084623323013416,0.42930856553147573,0.022703818369453045,0.030913978494623656,0.05510752688172043,0.9139784946236559,792,1.061662198391421
1480C2300,Masthugget Masthuggsterassen,128,1.1860394221317727,925.1205066001759,0.002736002933097772,221201.32245966783,405.6,1524,867,0.652230971128609,0.34776902887139105,0.059356136820925554,0.24748490945674045,0.16700201207243462,0.4949698189134809,0.03118712273641851,0.2243797195253506,0.7756202804746494,0,318,0.36678200692041524
1480C3350,Backa centrala,79,1.1856829746430215,971.4684229092531,0.014348110358873413,686488.7280169008,292.8,1658,678,0.3238841978287093,0.6761158021712907,0.19243986254295534,0.44215349369988544,0.13402061855670103,0.1970217640320733,0.03436426116838488,0.8870967741935484,0,0.11290322580645161,401,0.5914454277286135
1480C1740,Olofshöjd,18,1.1839038811193967,918.9843060316424,0.0036988247821287575,78237.65460782089,64.6,1782,1223,0.3686868686868687,0.6313131313131313,0.006191950464396285,0.02889576883384933,0.22910216718266255,0.6037151702786377,0.13209494324045407,0.9783301465901848,0.007010834926704908,0.014659018483110261,75,0.06132461161079313
1480C1810,Guldheden norra,279,1.1835375092889264,932.4705850239292,0.004610517983040566,305357.5232840034,427.8,1830,1066,0.8120218579234972,0.18797814207650274,0.013828867761452032,0.09161624891961971,0.14261019878997408,0.7337942955920485,0.018150388936905792,0.14904679376083188,0.8509532062391681,0,499,0.46810506566604126
1480C2100,Stigberget,36,1.1815663755178436,963.6511002181143,0.004445033417089597,95530.12716052542,351.6,1983,1047,0.7776096822995462,0.22239031770045387,0.0626984126984127,0.23253968253968255,0.19682539682539682,0.49126984126984125,0.016666666666666666,0.72504537205081665,0.2749546279491833,0,421,0.40210124164278893
1480C3940,Gårdsten nordöstra,24,1.1801678483718543,952.5482247730067,0.00500794789756474,340173.47326834395,254.6,1536,542,0.091796875,0.908203125,0.16219369894982497,0.4469078179696616,0.12602100350058343,0.16102683780630106,0.10385064177362893,1,0,0,342,0.6309963099630996
1480C2480,Olskroken,45,1.178203722837392,991.6004825564422,0.004360241014079144,142750.3033045177,367.5,1438,898,0.7670375521557719,0.2329624478442281,0.048707753479125246,0.31411530815109345,0.20278330019880716,0.41749502982107356,0.016898608349900597,0.7846638655462185,0.21533613445378152,0,286,0.3184855233853007
1480C3430,Kortedala sydöstra,48,1.1775283531294383,980.8635959542817,0.008011556704267644,746673.8282326359,223.9,2285,1284,0.32297592997811814,0.6770240700218818,0.2145481263776635,0.36370315944158704,0.16531961792799413,0.20573108008817045,0.050698016164584865,0.8302169035153328,0.16978309648466716,0,453,0.352803738317757
1480C3590,Skogome,410,1.1774968963338133,1185.2659684145078,0.01656256093541845,3324998.3770186855,378.6,3046,1420,0.6582403151674326,0.3417596848325673,0.059076923076923075,0.352,0.18646153846153846,0.37784615384615383,0.024615384615384615,0.3854679802955665,0.3232758620689655,0.29125615763546797,1069,0.7528169014084507
1480C2320,Olivedal Järntorget,131,1.1767325677032978,1016.0034545492662,0.0018225221648940665,259233.67836022703,414.1,1843,1053,0.7807921866521975,0.21920781334780248,0.03621399176954732,0.20658436213991768,0.2074074074074074,0.5135802469135803,0.03621399176954732,0.3271276595744681,0.6728723404255319,0,402,0.3817663817663818
1480C1630,Kallebäck östra,206,1.1761243947224593,997.9772558024063,0.0048119291677189355,2304721.5127761876,351.3,1994,1117,0.7026078234704113,0.29739217652958877,0.08176100628930817,0.3419811320754717,0.19654088050314467,0.3608490566037736,0.018867924528301886,0.7982758620689655,0.18275862068965518,0.01896551724137931,569,0.5094001790510295
1480C2810,Olskroken,331,1.17545974998221,1021.6643670274921,0.005083774458011847,744043.4278688467,322.5,1639,868,0.5472849298352654,0.4527150701647346,0.09421841541755889,0.35224839400428265,0.18308351177730192,0.32548179871520344,0.044967880085653104,0.8044444444444444,0.19555555555555557,0,337,0.3882488479262673
1480C2430,Eriksberg,8,1.1713323035249452,1032.0980412569097,0.0031172954616681863,112630.17269092052,450,1722,845,0.6846689895470384,0.3153310104529617,0.04995004995004995,0.26973026973026976,0.16683316683316685,0.4985014985014985,0.014985014985014986,0.18800461361014995,0.81199538638985,0,533,0.6307692307692307
1480C2900,Södra Biskopsgården östra,42,1.1697785027456942,1096.376115884068,0.013078898599433642,475750.55288864323,299.8,1693,682,0.2108682811577082,0.7891317188422918,0.1334604385128694,0.29647283126787416,0.16777883698760723,0.3107721639656816,0.09151572926596759,1,0,0,311,0.4560117302052786
1480C1490,Högsbotorp östra,57,1.1694662050239777,1061.5126220906968,0.00436901183722259,150802.12952996668,339.1,1650,947,0.7187878787878788,0.2812121212121212,0.053838484546360914,0.27018943170488535,0.18743768693918245,0.46859421734795614,0.019940179461615155,0.457286432160804,0.542713567839196,0,435,0.4593453009503696
1480C3640,Hjällbo västra,104,1.168090817238257,1066.1636056411032,0.007706506226526402,775581.3370632307,215,1613,473,0.0731556106633602,0.9268443893366398,0.3165829145728643,0.3844221105527638,0.13190954773869346,0.12311557788944724,0.04396984924623116,0.8944099378881988,0,0.10559006211180125,239,0.5052854122621564
1480C3280,Gamlestaden västra,659,1.1668479275770267,1274.5862545851098,0.009386921107435758,3872781.67021476,315.3,2044,1254,0.5264187866927593,0.4735812133072407,0.10965867828612927,0.3369644153957879,0.19026870007262164,0.32752360203340597,0.03558460421205519,0.6759735488611315,0.32402645113886847,0,467,0.372408293460925
1480C3200,Kärrdalen,303,1.1657332851561628,1175.2439708494085,0.017287524239163306,664867.8062728848,409.7,1612,519,0.6048387096774194,0.3951612903225806,0.09294117647058824,0.25882352941176473,0.16,0.4541176470588235,0.03411764705882353,0.02857142857142857,0,0.9714285714285714,621,1.1965317919075145
1480C1800,Krokslätt norra,16,1.1653771108409565,1091.4561574220018,0.0037192481794228616,60954.16300769913,360.6,1543,1009,0.7621516526247569,0.23784834737524305,0.03787878787878788,0.25946969696969696,0.1903409090909091,0.48011363636363635,0.032196969696969696,0.7174111212397447,0.28258887876025524,0,340,0.33696729435084244
1480C3370,Kortedala sydöstra,54,1.1644848043446117,1098.4251772277328,0.009557879045653295,313241.48318320606,226.2,1906,944,0.33263378803777544,0.6673662119622246,0.17898486197684774,0.396260017809439,0.1682991985752449,0.21816562778272486,0.03829029385574354,0.9323770491803278,0.0471311475409836,0.020491803278688523,404,0.4279661016949153
1480C2270,Kärralund,229,1.162915054334073,1130.2233258596577,0.007326380518692812,1539770.2129147928,425.3,3303,1809,0.8504389948531638,0.1495610051468362,0.024628014366341714,0.19907644946126218,0.19343252950230888,0.5587480759363777,0.024114930733709596,0.35821669258683253,0.5733540694660446,0.06842923794712286,1064,0.5881702598120508
1480C2590,Nolered Amhult-Arendal,3610,1.1614517892102632,1205.6141837013924,0.00554789291500025,32419780.80322399,373.5,2674,1229,0.7842183994016455,0.21578160059835452,0.07081712062256809,0.39455252918287936,0.18365758754863815,0.3276264591439689,0.023346303501945526,0.5983739837398374,0.27235772357723576,0.12926829268292683,788,0.6411716842961758
1480C1080,Hovås,256,1.159221886770795,1150.8187342496904,0.008129481413243904,1982192.616721277,483.3,1429,557,0.8642407277816655,0.1357592722183345,0.023026315789473683,0.22532894736842105,0.17927631578947367,0.5657894736842105,0.006578947368421052,0.14982578397212543,0.09581881533101046,0.7543554006968641,639,1.14721723518851
1480C3220,Gamlestaden Kviberg,257,1.1591799619300878,1277.1975392348904,0.006436188420029925,1516509.6555339817,371.2,3809,1993,0.5573641375689157,0.44263586243108427,0.04370402423193423,0.25356988316746,0.20380787537862396,0.48247511899610557,0.016443098225876245,0.34930232558139535,0.6381395348837209,0.012558139534883722,869,0.43602609131961867
1480C1520,Högsbotorp västra,79,1.1577265806139279,1164.6703503685333,0.007256603749085984,223587.46117371455,318.5,2405,1506,0.7401247401247402,0.2598752598752599,0.07251381215469613,0.25828729281767954,0.18439226519337015,0.4675414364640884,0.017265193370165747,0.6185372005044136,0.38146279949558637,0,586,0.3891102257636122
1480C2730,Björkekärr Östra sjukhuset,71,1.155389829932011,1213.7809396504108,0.004267834062956281,187196.00999104505,332.1,1872,1123,0.6063034188034188,0.3936965811965812,0.06597222222222222,0.3211805555555556,0.18836805555555555,0.4053819444444444,0.019097222222222224,0.7603787327021122,0.23962126729788782,0,475,0.42297417631344614
1480C2630,Södra Biskopsgården västra,64,1.154854389067867,1188.5251589337465,0.01194458191557966,158187.84508172842,236.4,2239,1273,0.22465386333184456,0.7753461366681554,0.1924198250728863,0.37755102040816324,0.1618075801749271,0.20699708454810495,0.061224489795918366,0.983751846381093,0.01624815361890694,0,442,0.3472113118617439
1480C2080,Skår,156,1.1535974961043074,1203.4630092280265,0.00747844160724879,203586.47319455375,425.4,1622,814,0.8279901356350184,0.1720098643649815,0.03215077605321508,0.25277161862527714,0.17849223946784923,0.5133037694013304,0.02328159645232816,0.6141552511415526,0.18835616438356165,0.19748858447488585,494,0.6068796068796068
1480C3010,Torpa,475,1.1533049107369413,1282.3068881098936,0.004007899397259947,2176711.9105510535,410.7,1615,652,0.8272445820433436,0.17275541795665636,0.04860267314702309,0.31713244228432563,0.19805589307411908,0.4264884568651276,0.009720534629404616,0.07283763277693475,0.2731411229135053,0.65402124430956,617,0.946319018404908
1480C2040,Björkekärr Delsjön,248,1.152905351214639,1324.6238851862788,0.007949805406945265,8813663.771982258,450.4,1995,765,0.9238095238095239,0.0761904761904762,0.014522821576763486,0.12655601659751037,0.15352697095435686,0.6991701244813278,0.006224066390041493,0.007772020725388601,0.35621761658031087,0.6360103626943006,603,0.788235294117647
1480C2690,Kyrkbyn östra,109,1.1527761780100327,1214.9895131914263,0.01140665727994574,291506.9471591351,290.2,1877,1177,0.5514118273841236,0.4485881726158764,0.12016806722689076,0.42436974789915966,0.1546218487394958,0.280672268907563,0.020168067226890758,0.9095394736842105,0.09046052631578948,0,488,0.41461342395921835
1480C1910,Majorna Gråberget,47,1.1519107428851783,1221.5671538848035,0.004684394256015533,203930.5375360056,381,2172,1379,0.8434622467771639,0.15653775322283608,0.02723146747352496,0.2042360060514372,0.18456883509833585,0.5711043872919819,0.012859304084720122,0.30153435623749164,0.6984656437625083,0,637,0.4619289340101523
1480C1530,Långedrag,669,1.1513500257376517,1232.3589421611614,0.008351609899756059,8249114.214313668,529.6,2069,740,0.8666022232962783,0.1333977767037216,0.01935483870967742,0.23333333333333334,0.16129032258064516,0.5688172043010753,0.017204301075268817,0.034578146611341634,0.06639004149377593,0.8990318118948825,812,1.0972972972972972
1480C3030,Kärrdalen,308,1.1513431034834853,1244.020029785424,0.012389141001850028,597043.4440063878,402,1563,546,0.7575175943698017,0.24248240563019835,0.056303549571603426,0.3108935128518972,0.1762545899632803,0.42962056303549573,0.02692778457772338,0.07142857142857142,0,0.9285714285714286,556,1.0183150183150182
1480C2450,Lunden östra-Härlanda,192,1.151059089077487,1229.7339743431696,0.010226848639241528,382174.90122492093,410.5,2627,1170,0.771602588503997,0.22839741149600304,0.03823720025923526,0.24303305249513935,0.16267012313674659,0.5307841866493843,0.025275437459494492,0.5008250825082509,0.26897689768976896,0.2301980198019802,757,0.647008547008547
1480C3040,Kvillebäcken Björlandavägen,137,1.1496066652575776,1257.4891988585446,0.006879999094173542,501813.36807175254,324.3,3189,1306,0.39354029476324864,0.6064597052367513,0.11613958560523446,0.311886586695747,0.1510359869138495,0.3533260632497274,0.06761177753544166,0.6605301914580265,0.16273932253313697,0.17673048600883653,691,0.5290964777947933
1480C3550,Kortedala nordöstra,79,1.149076855663541,1322.322752132047,0.008438350016311366,230200.4240330362,246.4,2386,1197,0.34115674769488685,0.6588432523051132,0.18811136192626035,0.36644093303235514,0.15726109857035364,0.23927765237020315,0.04890895410082769,0.6699029126213593,0.2702265372168285,0.059870550161812294,549,0.45864661654135336
1480C3340,Björlanda,681,1.1484301317354573,1488.3739480655543,0.03249475482441582,11991423.834386287,517.7,2279,750,0.8854760860026327,0.11452391399736726,0.030431107354184278,0.3076923076923077,0.19188503803888418,0.45646661031276414,0.013524936601859678,0.014686248331108143,0.06942590120160214,0.9158878504672897,1017,1.356
1480C2710,Rambergsstaden västra,227,1.1461794346080196,1323.2036239624028,0.00299518164845221,965626.5556371259,264.5,1838,1180,0.36561479869423286,0.6343852013057671,0.15174506828528073,0.34142640364188165,0.17981790591805766,0.27541729893778455,0.051593323216995446,0.912975912975913,0.08702408702408702,0,354,0.3
1480C1330,Järnbrott,122,1.1458380059456945,1336.597614842164,0.004795270515285696,437121.5336813512,343,2354,1200,0.719626168224299,0.2803738317757009,0.07692307692307693,0.36106750392464676,0.1726844583987441,0.37205651491365777,0.01726844583987441,0.6601466992665037,0.097799511002445,0.24205378973105135,770,0.6416666666666667
1480C2830,Bagaregården,50,1.1451390994606467,1312.1091603413404,0.006834037832830968,233025.05584480977,360.5,1639,1032,0.8364856619890177,0.1635143380109823,0.04672897196261682,0.27289719626168224,0.1925233644859813,0.47289719626168225,0.014953271028037384,0.33866666666666667,0.5786666666666667,0.08266666666666667,404,0.39147286821705424
1480C3700,Eriksbo,12,1.1433758819345008,1297.3249006590881,0.017096894376758834,153263.23199213934,197.1,922,339,0.14967462039045554,0.8503253796095445,0.3,0.4127659574468085,0.12978723404255318,0.10851063829787234,0.04893617021276596,1,0,0,156,0.46017699115044247
1480C2440,Lunden västra,55,1.142306890385151,1319.8941419193918,0.00590272942526776,183092.82155073757,355.2,1972,1248,0.7783975659229209,0.2216024340770791,0.06183206106870229,0.3053435114503817,0.20381679389312976,0.4030534351145038,0.025954198473282442,0.7319970304380103,0.23385300668151449,0.03414996288047513,502,0.40224358974358976
1480C2770,Björkekärr Östra sjukhuset,164,1.140647760395023,1570.0346108939289,0.002636090027737823,542510.65136006,382,1752,933,0.8007990867579908,0.19920091324200914,0.037914691943127965,0.2502369668246445,0.18578199052132702,0.5146919431279621,0.011374407582938388,0.47046843177189407,0.5213849287169042,0.008146639511201629,528,0.5659163987138264
1480C1360,Högsbo-Flatås östra,853,1.1387662105706182,1464.800977920462,0.004055844789303477,2858169.9897247674,329,1746,910,0.6918671248568156,0.30813287514318444,0.125250501002004,0.4338677354709419,0.16332665330661322,0.25851703406813625,0.01903807615230461,0.7830923248053393,0.21579532814238042,0.0011123470522803114,519,0.5703296703296703
1480C1010,Billdal Lindås,574,1.1381687760159174,1976.285394543818,0.029263388265939737,11771414.161179177,491.2,2887,1034,0.91340491860062345,0.08659508139937652,0.02121433796634967,0.21068032187271396,0.19019751280175567,0.5632772494513534,0.014630577907827359,0.02904162633107454,0.19748305905130686,0.7734753146176185,1162,1.1237911025145069
1480C2510,Kyrkbyn Bräcke,160,1.1378135344357039,1354.1423081941277,0.008086896587717007,266677.92632157094,347.5,1523,877,0.6782665791201575,0.3217334208798424,0.11301715438950555,0.3511604439959637,0.1705348133198789,0.3350151362260343,0.030272452068617558,0.7562076749435666,0.15688487584650113,0.08690744920993228,406,0.4629418472063854
1480C1160,Askim norra,685,1.137516133686519,1504.0691545660866,0.0029301989750899348,1840855.1797872204,390.5,2952,1340,0.6788617886178862,0.32113821138211385,0.05938697318007663,0.33524904214559387,0.1545338441890166,0.42081736909323114,0.030012771392081736,0.5384041759880686,0.15510812826249068,0.30648769574944074,990,0.7388059701492538
1480C3100,Slättadamm,163,1.136929590984325,1382.1939403189515,0.0059936023195693985,436398.0155736072,374.3,2144,948,0.5517723880597015,0.44822761194029853,0.07872174590802807,0.3000779423226812,0.16212003117692908,0.4201091192517537,0.03897116134060795,0.3417190775681342,0.46331236897274636,0.1949685534591195,664,0.70042194092827
1480C2960,Kvillebäcken Wieselgrensplatsen,94,1.1367558955920423,1374.8133098857911,0.005092404167478178,390361.25809539,327.6,1738,1084,0.5978135788262371,0.40218642117376296,0.07272727272727272,0.2743801652892562,0.17520661157024794,0.4041322314049587,0.07355371900826446,0.5380116959064327,0.3993316624895572,0.06265664160401002,381,0.3514760147601476
1480C2950,Kvillebäcken Backaplan,688,1.1360972531981985,1541.3950357003612,0.003638877620133074,2243362.9053145624,420.6,3730,2111,0.49142091152815015,0.5085790884718498,0.057746478873239436,0.2517605633802817,0.1686619718309859,0.46901408450704224,0.0528169014084507,0.39202334630350194,0.607976653696498,0,721,0.3415442918048318
1480C2740,Kålltorp Munkebäckstorget,42,1.133460051067646,1435.1708130345082,0.005819217580999815,122993.82199791858,356.1,1644,1044,0.774330900243309,0.225669099756691,0.058664259927797835,0.30234657039711194,0.19945848375451264,0.41787003610108303,0.021660649819494584,0.7142857142857143,0.27942497753818507,0.006289308176100629,401,0.38409961685823757
1480C2750,Rambergsstaden mellersta,42,1.1334399697575812,1445.7134235842834,0.0038781356469001133,101697.19218823701,320.8,1843,1134,0.6136733586543679,0.3863266413456321,0.08056171470805618,0.2749445676274945,0.19068736141906872,0.4042867701404287,0.04951958610495196,0.7598684210526315,0.24013157894736842,0,329,0.29012345679012347
1480C3790,Angered centrum-Agnesberg,246,1.1302789110943936,1521.5382758691894,0.009927305334482599,3361998.156137321,306.8,1011,428,0.35509396636993074,0.6449060336300693,0.13813229571984437,0.4260700389105058,0.16926070038910507,0.2237354085603113,0.042801556420233464,0.04966139954853273,0.6343115124153499,0.3160270880361174,422,0.985981308411215
1480C1690,Sanna,317,1.1291693345268468,1440.1421056139984,0.007738232584009776,1407179.879934376,280.5,2846,1936,0.7912860154602952,0.20871398453970486,0.0658271322266743,0.28334287349742415,0.20950200343445907,0.42358328563251285,0.017744705208929592,0.7857142857142857,0.21428571428571427,0,545,0.2815082644628099
1480C3930,Gårdsten sydvästra,19,1.1287956545853406,1438.0162336791725,0.008355826176860816,240917.1308256388,274.7,1738,682,0.09378596087456847,0.9062140391254315,0.20294426919032596,0.3943217665615142,0.15036803364879076,0.1608832807570978,0.0914826498422713,0.7808219178082192,0.2191780821917808,0,408,0.5982404692082112
1480C3620,Skälltorp Åketorp,338,1.125615468145337,1549.4836382212386,0.021397889515637532,1112166.125603651,393.7,2079,804,0.6921596921596922,0.30784030784030786,0.050505050505050504,0.3929292929292929,0.19494949494949496,0.3474747474747475,0.014141414141414142,0.033047735618115054,0.4749082007343941,0.4920440636474908,899,1.1181592039800996
1480C1070,Hovås,508,1.1223925767387906,1525.3262307421699,0.00787687988860579,8018904.299417725,516.5,1973,644,0.7856056766345666,0.21439432336543335,0.028938906752411574,0.21007502679528403,0.17256162915326903,0.5659163987138264,0.022508038585209004,0.01694915254237288,0.030816640986132512,0.9522342064714946,835,1.296583850931677
1480C1590,Kungsladugård Kungsladugårdsgatan,244,1.1216093374380105,1527.9788136538973,0.003352308623574095,280792.1701021087,317.6,1518,824,0.7457180500658761,0.25428194993412384,0.06564551422319474,0.2647702407002188,0.19474835886214442,0.45076586433260396,0.024070021881838075,0.8325581395348837,0.01744186046511628,0.15,430,0.5218446601941747
1480C3490,Tuve västra,75,1.1207179843416237,1529.8708971444548,0.007045553743475024,261288.25872161455,328.5,1670,983,0.6263473053892216,0.37365269461077844,0.08147321428571429,0.39955357142857145,0.19196428571428573,0.30580357142857145,0.021205357142857144,0.05024630541871921,0.9497536945812808,0,590,0.6002034587995931
1480C2870,Redbergslid,42,1.1202135259215706,1539.2688304594044,0.00649375173452146,111654.93219541751,384.7,1434,798,0.8207810320781032,0.1792189679218968,0.03925619834710744,0.26136363636363635,0.20144628099173553,0.484504132231405,0.013429752066115703,0.46987951807228917,0.5301204819277109,0,335,0.4197994987468672
1480C2060,Skår,156,1.117937473345277,1547.7589403565162,0.00941558596880833,381793.7599460546,493.9,1435,463,0.8264808362369338,0.1735191637630662,0.018731988472622477,0.1440922190201729,0.1628242074927954,0.6325648414985591,0.04178674351585014,0.0967741935483871,0.030107526881720432,0.8731182795698925,456,0.9848812095032398
1480C3090,Gamlestaden västra,79,1.117817177511434,1642.745500912962,0.007518936740564176,273996.5314157393,309.2,1471,969,0.6227056424201224,0.3772943575798776,0.08682926829268292,0.2809756097560976,0.21658536585365853,0.3902439024390244,0.025365853658536587,0.4411764705882353,0.5588235294117647,0,352,0.3632610939112487
1480C3450,Skälltorp Bäckebol,188,1.1147818564716079,1590.8273140181998,0.013183458065567153,624871.0314446926,316.7,2547,1197,0.4574008637612878,0.5425991362387123,0.0982532751091703,0.3624454148471616,0.17467248908296942,0.31149927219796214,0.05312954876273653,0.013438735177865613,0.8268774703557312,0.15968379446640316,841,0.7025898078529658
1480C1210,Kannebäck,20,1.1107524483915363,1621.5376487208844,0.009464061019216166,224172.827724509,289.1,1830,879,0.43333333333333335,0.5666666666666667,0.14649033570701933,0.38453713123092575,0.18006103763987794,0.26042726347914547,0.028484231943031537,0.5692850838481907,0.43071491615180935,0,476,0.5415244596131968
1480C1960,Stigberget,25,1.1042791512492942,1683.957815352441,0.006516996477222025,136983.82430202985,348.2,2009,1078,0.7859631657541065,0.21403683424589348,0.05504587155963303,0.2545871559633027,0.20642201834862386,0.46865443425076453,0.01529051987767584,0.8657243816254417,0.13427561837455831,0,390,0.36178107606679033
1480C1840,Majorna Såggatan,32,1.1022238734592165,1713.7834397184783,0.007586366129748726,97836.07805534767,353.4,1464,775,0.8128415300546448,0.1871584699453552,0.05463182897862233,0.2505938242280285,0.2173396674584323,0.46318289786223277,0.014251781472684086,0.8625,0.1375,0,390,0.5032258064516129
1480C3670,Hjällbo västra,14,1.0989528323279152,1730.718411319116,0.005896140778948763,145403.64427550772,198.1,1605,588,0.07912772585669782,0.9208722741433022,0.3132075471698113,0.3635220125786163,0.1320754716981132,0.13836477987421383,0.052830188679245285,1,0,0,266,0.4523809523809524
1480C3150,Slättadamm,53,1.098641397844987,1738.2024623770808,0.010774765467594758,702581.1028597739,349.7,2096,1310,0.6755725190839694,0.3244274809160305,0.09175627240143369,0.382078853046595,0.17777777777777778,0.31684587813620074,0.031541218637992835,0.5116959064327485,0.48830409356725146,0,647,0.49389312977099237
1480C3210,Brunnsbo torg,320,1.0915659438002407,2216.737481960713,0.008974026050850863,977380.0050052198,302,2577,1063,0.40085370585952657,0.5991462941404734,0.1102791014295439,0.35398230088495575,0.12389380530973451,0.3301565690946222,0.08168822328114364,0.6963963963963964,0.01891891891891892,0.28468468468468466,660,0.6208842897460018
1480C3330,Björlanda,302,1.0894061802710417,1917.7381148459929,0.017181096239188422,4044409.872951545,479,1818,612,0.8487348734873488,0.15126512651265125,0.061139896373056994,0.3616580310880829,0.17409326424870467,0.39481865284974094,0.008290155440414507,0.12479474548440066,0.19704433497536947,0.6781609195402298,651,1.0637254901960784
1480C1510,Högsbotorp östra,154,1.0867442162508851,1870.9895538172393,0.00561410286976086,249364.5484516917,324.9,2102,1208,0.698382492863939,0.3016175071360609,0.047880690737833596,0.2653061224489796,0.2032967032967033,0.4340659340659341,0.04945054945054945,0.6217054263565891,0.35348837209302325,0.024806201550387597,497,0.41142384105960267
1480C2360,Eriksberg,135,1.0851870152752927,1966.1891663499582,0.00794762059841566,389073.0403941874,476.5,2486,1174,0.672566371681416,0.3274336283185841,0.032615384615384616,0.24984615384615386,0.1753846153846154,0.5193846153846153,0.02276923076923077,0.1933534743202417,0.7552870090634441,0.0513595166163142,710,0.6047700170357752
1480C2530,Kyrkbyn Bräcke,530,1.083152812241749,1899.6563160411658,0.01641660742177267,749883.9824341828,358.2,1948,830,0.6812114989733059,0.31878850102669404,0.06625441696113074,0.34452296819787986,0.18992932862190812,0.38074204946996465,0.018551236749116608,0.5200433369447454,0.005417118093174431,0.4745395449620802,663,0.7987951807228916
1480C3900,Gårdsten sydvästra,74,1.0733052790099047,1990.9023412374675,0.009330530879644057,412900.7039902749,256.9,2535,952,0.12307692307692308,0.8769230769230769,0.23839009287925697,0.37461300309597523,0.14783281733746131,0.17105263157894737,0.06811145510835913,0.7181208053691275,0.21668264621284755,0.06519654841802493,614,0.6449579831932774
1480C2780,Rambergsstaden mellersta,68,1.0707780723544345,2069.457685899063,0.004274602006274388,264621.6640018806,317.4,1785,984,0.6414565826330533,0.3585434173669468,0.07069767441860465,0.27906976744186046,0.1786046511627907,0.43348837209302327,0.03813953488372093,0.48269581056466304,0.48360655737704916,0.033697632058287796,421,0.42784552845528456
1480C3500,Bergsjön nordvästra,7,1.0704437939845546,2052.4964509749766,0.0238451590477557,63818.8025303926,203.2,1427,579,0.11282410651716888,0.8871758934828311,0.3009320905459387,0.3581890812250333,0.11451398135818908,0.16378162450066577,0.06258322237017311,1,0,0,267,0.46113989637305697
1480C1190,Askim norra,94,1.07003262817821,2106.953290783137,0.005294638322550051,216441.37441913708,344.9,1852,916,0.5863930885529157,0.4136069114470842,0.10654205607476636,0.4009345794392523,0.1616822429906542,0.2925233644859813,0.038317757009345796,0.9884332281808622,0,0.011566771819137749,505,0.5513100436681223
1480C1450,Ruddalen,148,1.068337710897018,2329.858345980951,0.0025642863862110564,1470943.2410986084,298.3,2535,1519,0.6497041420118344,0.3502958579881657,0.07010785824345146,0.2942989214175655,0.18181818181818182,0.4352850539291217,0.01848998459167951,0.11440940012368583,0.8515769944341373,0.034013605442176874,740,0.4871626069782752
1480C3870,Gårdsten nordöstra,43,1.0677774545643237,2052.5771912381847,0.007949397474170379,346504.6644554778,245.4,1417,529,0.08750882145377559,0.9124911785462244,0.24151436031331594,0.4112271540469974,0.16057441253263707,0.13968668407310705,0.04699738903394256,0.8773448773448773,0.06060606060606061,0.06204906204906205,332,0.6275992438563327
1480C3600,Bergsjön nordvästra,125,1.0674627795880254,2123.355634106756,0.026697294915182065,1353712.8234788806,232,2095,952,0.20286396181384247,0.7971360381861575,0.2208904109589041,0.3758561643835616,0.17636986301369864,0.1583904109589041,0.0684931506849315,1,0,0,366,0.38445378151260506
1480C3510,Bergsjön nordvästra,9,1.0654563277092,2070.0956575099185,0.02094120169205667,99106.38703301601,201.1,1694,603,0.10330578512396695,0.8966942148760331,0.3553921568627451,0.3860294117647059,0.09681372549019608,0.10661764705882353,0.05514705882352941,1,0,0,237,0.39303482587064675
1480C1420,Flatås västra,155,1.065096017888332,2197.5991205048736,0.004481794878691485,417771.0642065557,341.1,3278,1792,0.6229408175716901,0.37705918242830994,0.05558524853019776,0.3083912346338856,0.18011758417958312,0.42757883484767506,0.028327097808658473,0.425796812749004,0.5742031872509961,0,786,0.43861607142857145
1480C1820,Skår,307,1.0588505691157106,2191.8672472121953,0.006726943559369408,1866388.758650257,473.8,1574,502,0.7992376111817027,0.20076238881829733,0.015364916773367477,0.19718309859154928,0.18950064020486557,0.5697823303457106,0.028169014084507043,0.07797270955165692,0.21442495126705652,0.7076023391812866,532,1.0597609561752988
1480C3580,Bergsjön centrala,39,1.0569745459583038,2280.869671613783,0.03062224523335577,198842.87769173403,284.9,1399,696,0.38813438170121517,0.6118656182987848,0.13555555555555557,0.37444444444444447,0.17,0.26555555555555554,0.05444444444444444,0.547144754316069,0.45285524568393093,0,380,0.5459770114942529
1480C1170,Kannebäck,69,1.0524641400179051,2212.57874075783,0.011646960894765947,400639.22089070873,318,1430,546,0.5209790209790209,0.479020979020979,0.134640522875817,0.35555555555555557,0.1843137254901961,0.3045751633986928,0.02091503267973856,0.5971223021582733,0.008992805755395683,0.39388489208633093,414,0.7582417582417582
1480C3960,Lövgärdet,87,1.0468854637216547,2270.6340656925945,0.015277501562644335,454476.3870060034,238.6,1962,714,0.1799184505606524,0.8200815494393476,0.221505376344086,0.4129032258064516,0.14946236559139786,0.15806451612903225,0.05806451612903226,0.8670076726342711,0.1265984654731458,0.00639386189258312,439,0.6148459383753502
1480C2860,Torpa,82,1.0429790944668909,2698.45406351712,0.003551958077970784,423319.9813184621,316.3,2301,1157,0.7257714037375055,0.2742285962624946,0.10789679437060204,0.32525410476935107,0.20641125879593433,0.34636434714620795,0.014073494917904612,0.8875739644970414,0.009298393913778529,0.10312764158918004,652,0.5635263612791702
1480C3520,Kärrdalen,982,1.0415246489123315,2586.771506402012,0.013358646022589129,7293203.102029683,426.9,2131,720,0.7128108869075551,0.2871891130924449,0.07006369426751592,0.30664240218380345,0.17561419472247497,0.4167424931756142,0.030937215650591446,0.02642559109874826,0.019471488178025034,0.9541029207232267,917,1.273611111111111
1480C3920,Kärra Gerrebacka,434,1.0379518662169247,2578.241555020951,0.03103070823768709,3911477.2664266634,433.2,2157,738,0.7528975428836346,0.24710245711636533,0.06281407035175879,0.40117252931323283,0.17587939698492464,0.34505862646566166,0.01507537688442211,0.029649595687331536,0.5902964959568733,0.38005390835579517,804,1.089430894308943
1480C1230,Grevegården,40,1.0373829943577888,2367.6821786664996,0.003756227560464522,145407.14743482784,241.4,2192,915,0.30885036496350365,0.6911496350364964,0.23953695458593055,0.39536954585930545,0.1371326803205699,0.1861086375779163,0.041852181656277826,1,0,0,428,0.46775956284153003
1480C2980,Nolered Amhult-Arendal,292,1.0369918255473762,2400.4229449844415,0.014127263931820224,2954268.3620169847,406.2,1873,776,0.8617191671115857,0.1382808328884143,0.05269461077844311,0.34850299401197604,0.19880239520958085,0.38083832335329343,0.019161676646706587,0.16363636363636364,0.1696969696969697,0.6666666666666666,765,0.9858247422680413
1480C3950,Lövgärdet,31,1.0354486762205324,2382.836816733569,0.018284550682854117,64244.37868008168,217.1,1457,628,0.12560054907343857,0.8743994509265615,0.2758169934640523,0.4235294117647059,0.13071895424836602,0.1111111111111111,0.058823529411764705,1,0,0,299,0.47611464968152867
1480C3230,Gamlestaden Kviberg,180,1.035074165693469,2888.786854941619,0.01176849337345485,1013886.4675420433,270.1,2294,1306,0.451176983435048,0.548823016564952,0.119938884644767,0.37433155080213903,0.20091673032849502,0.2887700534759358,0.016042780748663103,0.7216642754662841,0.24964131994261118,0.028694404591104734,548,0.41960183767228176
1480C3310,Backa centrala,167,1.032911457738966,2480.484676163071,0.008449013344865296,500955.3401437605,318.4,1934,970,0.4420889348500517,0.5579110651499483,0.11398467432950192,0.3620689655172414,0.171455938697318,0.31896551724137934,0.033524904214559385,0.021653543307086614,0.9783464566929134,0,592,0.6103092783505155
1480C3630,Björlanda,818,1.0327945575799569,3227.4800229980833,0.008535039635942182,5239004.280746043,472.2,2032,712,0.8499015748031497,0.1500984251968504,0.04450499545867393,0.3723887375113533,0.19346049046321526,0.3823796548592189,0.007266121707538601,0.04722222222222222,0.2152777777777778,0.7375,902,1.2668539325842696
1480C2390,Kyrkbyn Bräcke,282,1.0318284999424265,2457.8391783171983,0.012075723465833995,530883.6517534155,357.6,1541,758,0.7144711226476315,0.2855288773523686,0.07479861910241657,0.3716915995397008,0.18757192174913695,0.3440736478711162,0.02186421173762946,0.6010362694300518,0.06606217616580311,0.3329015544041451,493,0.6503957783641161
1480C2910,Bagaregården,61,1.028672721314561,2480.1999024914885,0.006611293561596217,237277.74018903053,365.3,1924,1099,0.7598752598752598,0.24012474012474014,0.06476030277544155,0.2708158116063919,0.1791421362489487,0.464255677039529,0.021026072329688814,0.48502495840266224,0.43094841930116473,0.08402662229617304,511,0.46496815286624205
1480C1130,Askim södra,732,1.0269621354819565,2484.7589867400325,0.00842598599493409,1776141.023040104,466.9,1628,586,0.835995085995086,0.16400491400491402,0.022156573116691284,0.2481536189069424,0.1861152141802068,0.5273264401772526,0.01624815361890694,0.005154639175257732,0,0.9948453608247423,681,1.1621160409556315
1480C1440,Grimmered,616,1.0204798165232432,2559.8176167463635,0.009742678831131205,1151370.806220683,484.7,2329,813,0.8372692142550451,0.16273078574495492,0.027422303473491772,0.18738574040219377,0.16270566727605118,0.6069469835466179,0.015539305301645339,0.015364916773367477,0.023047375160051217,0.9615877080665813,863,1.0615006150061501
1480C1110,Askim södra,408,1.010301199721796,2751.031121713216,0.00909546617784379,1213374.3485474673,419.5,1898,735,0.7191780821917808,0.2808219178082192,0.07337526205450734,0.2620545073375262,0.17295597484276728,0.4276729559748428,0.0639412997903564,0.39072847682119205,0.030463576158940398,0.5788079470198676,643,0.8748299319727891
1480C3750,Hammarkullen yttre,90,1.0064914537005796,2718.31352313949,0.007438540518669703,1403939.9846206624,287.5,839,240,0.1871275327771156,0.8128724672228844,0.22916666666666666,0.3958333333333333,0.15104166666666666,0.1875,0.036458333333333336,0.049586776859504134,0,0.9504132231404959,304,1.2666666666666666
1480C1250,Grevegården,84,0.99734183421974,3412.975499279781,0.0033596886615682308,289400.1519112976,264.3,2344,943,0.28071672354948807,0.7192832764505119,0.18561872909698995,0.3779264214046823,0.16304347826086957,0.23327759197324416,0.04013377926421405,0.6492248062015504,0.3507751937984496,0,554,0.5874867444326617
1480C3730,Hammarkullen centrala,9,0.9947043603740502,2822.3089961783544,0.010394297515103146,95356.57208972333,157.2,2263,796,0.05877154220061865,0.9412284577993814,0.38128861429832306,0.33980582524271846,0.09532215357458076,0.11120917917034422,0.07237422771403354,1,0,0,265,0.33291457286432163
1480C1550,Högsbohöjd norra,72,0.9916538148557754,2895.5444963539444,0.012756372142683266,172367.9728226067,343.8,2555,1186,0.5604696673189824,0.4395303326810176,0.07076101468624833,0.2817089452603471,0.184913217623498,0.42923898531375165,0.03337783711615487,0.7965116279069767,0.10174418604651163,0.10174418604651163,484,0.40809443507588533
1480C2500,Kålltorp södra,79,0.9878348383891082,3401.878936729229,0.005861095598746937,801453.3329085668,388.2,1760,945,0.8051136363636363,0.19488636363636364,0.04498594189315839,0.1893158388003749,0.20337394564198688,0.5201499531396439,0.04217432052483599,0.34014300306435136,0.6006128702757916,0.059244126659857,539,0.5703703703703704
1480C2210,Eriksberg,65,0.9855379193586107,3043.0400108598037,0.007162272205770718,535037.3535121813,468,2130,1157,0.7244131455399061,0.2755868544600939,0.041901692183722805,0.32473811442385175,0.21031426269137793,0.4117647058823529,0.011281224818694601,0.07554833468724614,0.9244516653127539,0,816,0.7052722558340536
1480C1580,Grimmered,1101,0.9848544031204272,2943.7343716756463,0.014077739710142706,778620.6943498703,469.6,2029,682,0.8689009364218827,0.1310990635781173,0.030271398747390398,0.19206680584551147,0.17640918580375783,0.5918580375782881,0.009394572025052192,0.08189655172413793,0.02586206896551724,0.8922413793103449,708,1.0381231671554252
1480C3570,Kortedala nordöstra,75,0.9807110714403988,3937.771974898944,0.017510464664341408,458711.26254274795,238.5,2440,1112,0.3413934426229508,0.6586065573770492,0.21700879765395895,0.3936950146627566,0.1466275659824047,0.20234604105571846,0.04032258064516129,0.848990342405619,0.06321334503950835,0.08779631255487269,487,0.4379496402877698
1480C2620,Björkekärr Rosendal,61,0.9717494435122199,3613.3568615979057,0.004233917066101697,302038.2960572374,171.1,1607,896,0.6148102053515868,0.3851897946484132,0.02987012987012987,0.09220779220779221,0.21818181818181817,0.5753246753246753,0.08441558441558442,0.8860648553900088,0,0.11393514460999124,236,0.26339285714285715
1480C3980,Kärra Gerrebacka,377,0.9675669767178384,3462.310960537335,0.04054270073189452,3134901.317578961,460.3,2108,643,0.8026565464895635,0.19734345351043645,0.04131455399061033,0.415962441314554,0.1784037558685446,0.3586854460093897,0.005633802816901409,0.0031007751937984496,0.19224806201550387,0.8046511627906977,824,1.28149300155521
1480C3470,Tuve östra,643,0.9641982977130862,4113.085670008352,0.0068592140284058824,4481550.77366112,386.6,1666,637,0.7220888355342137,0.27791116446578634,0.068268015170670035,0.3501896333754741,0.19089759797724398,0.3527180783817952,0.03792667509481669,0.058637083993660855,0.020602218700475437,0.9207606973058637,718,1.1271585557299844
1480C3990,Lövgärdet,18,0.9618178154581172,3192.357572613014,0.01562726767666322,164594.6204342945,210.3,1706,664,0.12133645955451348,0.8786635404454866,0.2846320346320346,0.4004329004329004,0.10822510822510822,0.1471861471861472,0.05952380952380952,1,0,0,303,0.4563253012048193
1480C3110,Nolered Amhult-Arendal,185,0.9430555571805666,3486.017376928034,0.0229601955537219,2051161.1258710988,422.3,2481,943,0.894397420395002,0.10560257960499798,0.05523964256701868,0.40779853777416736,0.1876523151909017,0.3379366368805849,0.011372867587327376,0.08950617283950617,0.2088477366255144,0.7016460905349794,1007,1.0678685047720042
1480C4000,Lövgärdet,36,0.91001501894510906,3798.5320384477905,0.019854115325953027,520727.60842373,224,1525,566,0.14426229508196722,0.8557377049180328,0.2754182754182754,0.4375804375804376,0.11583011583011583,0.13513513513513514,0.036036036036036036,0.8607142857142858,0.1392857142857143,0,294,0.519434628975265
1480C1400,Kaverös,39,0.9004097601742842,4213.680647195543,0.0028835349174973508,211028.72781065162,323.4,1261,909,0.7882632831086439,0.21173671689135606,0.035961272475795295,0.28907330567081607,0.1798063623789765,0.47164591977869985,0.02351313969571231,0.10049261083743842,0.8995073891625616,0,406,0.44664466446644663
1480C1060,Billdal Brottkärr,358,0.8736546131292292,5308.7933388388465,0.005658740000817499,1662898.9474562164,442.2,2278,950,0.8116769095697981,0.18832309043020193,0.03395889186773905,0.26720285969615726,0.20822162645218945,0.4691689008042895,0.021447721179624665,0.04625984251968504,0.4360236220472441,0.5177165354330708,939,0.988421052631579
1480C1150,Askim norra,193,0.8679120550581331,4343.010937504195,0.009508089105803983,599354.0705783451,383.9,1542,707,0.7470817120622568,0.2529182879377432,0.04429530201342282,0.2832214765100671,0.19463087248322147,0.4590604026845638,0.01879194630872483,0.010796221322537112,0.6963562753036437,0.29284750337381915,640,0.9052333804809052
1480C3170,Nolered norra,113,0.8586023696512238,4439.174385417777,0.02311869959648133,1860183.2931571633,412.9,1950,717,0.8861538461538462,0.11384615384615385,0.04835164835164835,0.42637362637362636,0.1934065934065934,0.3230769230769231,0.008791208791208791,0.013888888888888888,0.08611111111111111,0.9,830,1.1576011157601116
1480C2610,Kålltorp södra,41,0.8545674012182902,4955.539193051401,0.0078322457997959,152599.21622970028,388.7,1396,619,0.8080229226361032,0.19197707736389685,0.037783375314861464,0.2216624685138539,0.1889168765743073,0.5214105793450882,0.030226700251889168,0.4542728635682159,0.29985007496251875,0.24587706146926536,415,0.6704361873990307
1480C3180,Nolered norra,452,0.8317660094714772,4857.463504657373,0.03783337660866266,5304913.817553619,431.6,2015,895,0.8739454094292805,0.1260545905707196,0.050746268656716415,0.3970149253731343,0.19701492537313434,0.34129353233830845,0.013930348258706468,0.04746136865342163,0.48013245033112584,0.47240618101545256,876,0.9787709497206704
1480C1020,Billdal Lindås,683,0.8175793275564119,5762.678755160621,0.028693895726196135,10050396.788195986,474.8,2282,775,0.9106047326906223,0.08939526730937773,0.0335195530726257,0.26536312849162014,0.18808193668528864,0.4972067039106145,0.015828677839851025,0.02483660130718954,0.00784313725490196,0.9673202614379085,932,1.2025806451612904
1480C1710,Hagen,289,0.7845318753905383,5490.825038104772,0.013751949034802723,1494251.4406084479,420.2,1986,905,0.8685800604229608,0.13141993957703926,0.028154327424400417,0.2596454640250261,0.18248175182481752,0.5057351407716372,0.023983315954118872,0.5444915254237288,0.2266949152542373,0.2288135593220339,672,0.7425414364640884
1480C1120,Askim södra,177,0.7773158941701404,5554.371086145827,0.01038195439549344,836446.7466774497,440.7,2647,998,0.7521722704948999,0.24782772950510012,0.048515568428674875,0.2541636495293266,0.18175235336712528,0.49022447501810285,0.025343953656770456,0.311,0.001,0.688,973,0.9749498997995992
1480C3610,Kortedala nordvästra,52,0.7412928923581794,8246.82587016294,0.011728025764786177,1021102.9358525324,256,2371,1058,0.33192745676929564,0.6680725432307043,0.1670445956160242,0.41950113378684806,0.14134542705971279,0.23204837490551777,0.0400604686318972,0.8942307692307693,0,0.10576923076923077,488,0.4612476370510397
1480C2680,Kålltorp Munkebäckstorget,27,0.6685186226087719,7238.275004853093,0.004598112034368866,94424.43509877374,351.6,1233,784,0.8012976480129764,0.19870235198702352,0.061968408262454436,0.2770352369380316,0.181044957472661,0.46051032806804376,0.019441069258809233,0.6545893719806763,0.34541062801932365,0,325,0.4145408163265306
1480C1030,Billdal Skintebo,357,0.6091622265489955,9007.838848105715,0.012209595825412024,1880972.5299985637,429.4,3397,1524,0.8266117162201942,0.17338828377980572,0.037305122494432075,0.28674832962138086,0.1920935412026726,0.4704899777282851,0.013363028953229399,0.33004926108374383,0.41502463054187194,0.25492610837438423,1195,0.7841207349081365
1480C1040,Billdal Skintebo,105,0.47757142445980844,10938.496112414925,0.021576394794274607,3687058.454108144,439,1681,644,0.917906008328376,0.08209399167162404,0.02236024844720497,0.2608695652173913,0.21739130434782608,0.4956521739130435,0.0037267080745341614,0,0.4009146341463415,0.5990853658536586,679,1.0543478260869565
1480C3740,Björlanda,1065,0.2626259594426297,17686.43776312899,0.0204854892154883,20809872.58130711,464.5,2826,987,0.8701344656758669,0.12986553432413306,0.051351351351351354,0.3641891891891892,0.1939189189189189,0.3722972972972973,0.018243243243243244,0.005313496280552604,0.04250797024442083,0.9521785334750266,1316,1.3333333333333333
1480C1240,Ängås,29,NA,NA,0.006339176349642636,268434.4073634808,280.5,2094,906,0.2994269340974212,0.7005730659025788,0.1937657961246841,0.388374052232519,0.13984835720303285,0.2342038753159225,0.04380791912384162,0.5281615302869288,0.4718384697130712,0,481,0.5309050772626932
1480C1460,Kaverös,24,NA,NA,0.004021888935366778,145665.52213423545,309.1,1638,791,0.615995115995116,0.38400488400488403,0.08775731310942579,0.2903575297941495,0.19284940411700974,0.4019501625135428,0.027085590465872156,1,0,0,356,0.450063211125158
1480C1470,Fiskebäck Tranered,590,NA,NA,0.006784844997375578,1138237.9477999427,465.3,2109,790,0.8681839734471314,0.13181602655286867,0.029743589743589743,0.21435897435897436,0.1794871794871795,0.558974358974359,0.017435897435897435,0.03759398496240601,0.11027568922305764,0.8521303258145363,809,1.0240506329113923
1480C1500,Högsbohöjd södra,79,NA,NA,0.009774311629546138,253582.70978987636,308.3,2236,1118,0.6838103756708408,0.3161896243291592,0.07622950819672131,0.3139344262295082,0.17704918032786884,0.40901639344262297,0.023770491803278688,0.9443507588532883,0,0.05564924114671164,480,0.4293381037567084
1480C1560,Hagen,396,NA,NA,0.01106881322096107,613141.4327827259,472.4,2009,684,0.8526630164260827,0.14733698357391736,0.022573363431151242,0.19074492099322798,0.17381489841986456,0.5970654627539503,0.01580135440180587,0.053237410071942444,0.03597122302158273,0.9107913669064748,736,1.0760233918128654
1480C1640,Hagen,355,NA,NA,0.007386796780381362,889887.0012567953,507.8,1767,602,0.8726655348047538,0.1273344651952462,0.025380710659898477,0.19923857868020303,0.1700507614213198,0.5939086294416244,0.011421319796954314,0.014729950900163666,0.0425531914893617,0.9427168576104746,652,1.0830564784053156
